idx,family,name,params,has_null,n_exp,hits_exp,roi_exp,lo_exp,hi_exp,n_conf,hits_conf,roi_conf,lo_conf,hi_conf,win_odds_med,candidate,passed,roi_conf_pre
0,A,上位1点,自信p1≥qNone / 本命オッズany,True,22755,2343,0.8154251812788398,0.7790676033102087,0.8517827592474708,14169,1423,0.8020255487331498,0.7562052523479327,0.8478458451183669,6.900000095367432,False,False,0.7266351471522338
1,A,上位1点,自信p1≥qNone / 本命オッズ<5,True,2181,469,0.8845025217790005,0.8126336341192961,0.9563714094387048,1341,276,0.8363907531692767,0.7472256913570201,0.9255558149815333,4.199999809265137,False,False,0.7577700223713647
2,A,上位1点,自信p1≥qNone / 本命オッズ5-10,True,11520,1402,0.8555642361111111,0.8126936507226807,0.8984348214995415,7349,852,0.8135392570417744,0.7610749676187608,0.866003546464788,6.900000095367432,False,False,0.7370665668798476
3,A,上位1点,自信p1≥qNone / 本命オッズ10-20,True,7177,418,0.736756304862756,0.6669081512121593,0.8066044585133527,4361,261,0.7696399908277918,0.6773264559010406,0.861953525754543,12.0,False,False,0.6972938316899794
4,A,上位1点,自信p1≥qNone / 本命オッズ>=20,True,1877,54,0.7896110815130527,0.5736024532379307,1.0056197097881747,1118,34,0.8114490161001789,0.5336706137152736,1.0892274184850843,24.15000057220459,False,False,0.7351728085867621
5,A,上位1点,自信p1≥q50 / 本命オッズany,True,11380,1613,0.8825219683655536,0.8400290829468485,0.9250148537842587,7619,1017,0.8395852474077963,0.7885626733201141,0.8906078214954785,5.900000095367432,False,False,0.7606642341514634
6,A,上位1点,自信p1≥q50 / 本命オッズ<5,True,2160,466,0.8868055555555555,0.8145453019556086,0.9590658091555024,1335,275,0.8367041198501872,0.7473511051206283,0.9260571345797461,4.199999809265137,False,False,0.7580539325842697
7,A,上位1点,自信p1≥q50 / 本命オッズ5-10,True,7890,1060,0.9008871989860583,0.8493798588072551,0.9523945391648615,5410,688,0.8594269870609982,0.7982124466933174,0.920641527428679,6.5,False,False,0.7786408502772644
8,A,上位1点,自信p1≥q50 / 本命オッズ10-20,True,1306,86,0.7653139356814701,0.6069880715593252,0.923639799803615,863,54,0.730359212050985,0.5394687245175622,0.9212496995844077,11.300000190734863,False,False,0.6617054461181924
9,A,上位1点,自信p1≥q50 / 本命オッズ>=20,True,24,1,0.8375,-0.7694382345265586,2.4444382345265585,11,0,0.0,0.0,0.0,20.100000381469727,False,False,0.0
10,A,上位1点,自信p1≥q70 / 本命オッズany,True,6827,1107,0.9076461110297349,0.8560796282723625,0.9592125937871073,4619,711,0.8775276033773544,0.8146345255123756,0.9404206812423331,5.400000095367432,False,False,0.7950400086598831
11,A,上位1点,自信p1≥q70 / 本命オッズ<5,True,2026,442,0.8911648568608095,0.8167027044182297,0.9656270093033893,1271,266,0.8465774980330448,0.754826179933241,0.9383288161328487,4.199999809265137,False,False,0.7669992132179386
12,A,上位1点,自信p1≥q70 / 本命オッズ5-10,True,4508,642,0.9179680567879326,0.8509555102277252,0.98498060334814,3153,427,0.8772280367903584,0.7983688993106617,0.9560871742700552,6.199999809265137,False,False,0.7947686013320647
13,A,上位1点,自信p1≥q70 / 本命オッズ10-20,True,293,23,0.8627986348122867,0.523036391427754,1.2025608781968193,194,18,1.0896907216494844,0.602629495628249,1.57675194767072,11.0,False,False,0.987259793814433
14,A,上位1点,自信p1≥q70 / 本命オッズ>=20,True,0,0,,,,1,0,0.0,0.0,0.0,,False,False,0.0
15,A,上位1点,自信p1≥q90 / 本命オッズany,True,2285,440,0.8932166301969365,0.8146438364950628,0.9717894238988103,1035,216,0.9422222222222222,0.824813046742488,1.0596313977019565,4.400000095367432,False,False,0.8536533333333334
16,A,上位1点,自信p1≥q90 / 本命オッズ<5,True,1304,295,0.8949386503067485,0.803643828489809,0.986233472123688,603,157,1.0202321724709784,0.8806718766964495,1.1597924682455072,4.0,False,False,0.9243303482587065
17,A,上位1点,自信p1≥q90 / 本命オッズ5-10,True,964,142,0.8715767634854772,0.7373196570597886,1.0058338699111657,424,57,0.7985849056603773,0.6029144832227041,0.9942553280980505,5.699999809265137,False,False,0.7235179245283019
18,A,上位1点,自信p1≥q90 / 本命オッズ10-20,True,17,3,1.988235294117647,-0.07568285370307581,4.05215344193837,8,2,2.675,-0.5403391539618339,5.8903391539618335,10.300000190734863,False,False,2.42355
19,A,上位1点,自信p1≥q90 / 本命オッズ>=20,True,0,0,,,,0,0,,,,,False,False,
20,A,上位1点,自信p1≥q95 / 本命オッズany,True,1145,239,0.8870742358078603,0.7833150428645853,0.9908334287511352,762,166,0.9192913385826772,0.7913527630659566,1.0472299140993977,4.199999809265137,False,False,0.8328779527559056
21,A,上位1点,自信p1≥q95 / 本命オッズ<5,True,788,186,0.9059644670050762,0.7899933522910555,1.021935581719097,517,137,1.0276595744680852,0.8775063334455879,1.1778128154905825,4.0,False,False,0.9310595744680852
22,A,上位1点,自信p1≥q95 / 本命オッズ5-10,True,354,53,0.8525423728813559,0.6383103396677028,1.066774406095009,244,29,0.6934426229508197,0.4543474927197819,0.9325377531818575,5.599999904632568,False,False,0.6282590163934427
23,A,上位1点,自信p1≥q95 / 本命オッズ10-20,True,3,0,0.0,0.0,0.0,1,0,0.0,0.0,0.0,,False,False,0.0
24,A,上位1点,自信p1≥q95 / 本命オッズ>=20,True,0,0,,,,0,0,,,,,False,False,
25,A,上位2点,自信conf3≥qNone / 本命オッズany,True,22755,4246,0.8120918479455065,0.7863544123015606,0.8378292835894524,14169,2624,0.8178946996965206,0.784830316559936,0.8509590828331053,7.599999904632568,False,False,0.7410125979250477
26,A,上位2点,自信conf3≥qNone / 本命オッズ<5,True,2181,784,0.894956441999083,0.8406628847797751,0.9492499992183908,1341,453,0.8499627143922446,0.7810167822796624,0.9189086465048267,4.599999904632568,False,False,0.7700662192393736
27,A,上位2点,自信conf3≥qNone / 本命オッズ5-10,True,11520,2490,0.8345008680555556,0.8037525693724928,0.8652491667386183,7349,1587,0.840842291468227,0.8018741618710136,0.8798104210654404,7.300000190734863,False,False,0.7618031160702137
28,A,上位2点,自信conf3≥qNone / 本命オッズ10-20,True,7177,861,0.7710045980214575,0.7200481401020575,0.8219610559408574,4361,509,0.7730795689062142,0.7066373627795105,0.8395217750329179,12.100000381469727,False,False,0.70041008942903
29,A,上位2点,自信conf3≥qNone / 本命オッズ>=20,True,1877,111,0.735375599360682,0.5948403700227995,0.8759108286985644,1118,75,0.8033989266547406,0.613846452913331,0.9929514003961502,22.5,False,False,0.727879427549195
30,A,上位2点,自信conf3≥q50 / 本命オッズany,True,11380,2840,0.8641168717047452,0.8340901379307566,0.8941436054787337,7455,1791,0.8361770623742455,0.7996765084720405,0.8726776162764505,6.5,False,False,0.7575764185110665
31,A,上位2点,自信conf3≥q50 / 本命オッズ<5,True,2165,782,0.8987990762124711,0.844262498983114,0.9533356534418282,1332,451,0.8511261261261261,0.7819622191171193,0.920290033135133,4.599999904632568,False,False,0.7711202702702703
32,A,上位2点,自信conf3≥q50 / 本命オッズ5-10,True,7848,1853,0.8579829255861366,0.8219935414061951,0.8939723097660782,5257,1230,0.853243294654746,0.8093315410225052,0.8971550482869869,6.900000095367432,False,False,0.7730384249571999
33,A,上位2点,自信conf3≥q50 / 本命オッズ10-20,True,1340,202,0.8414925373134329,0.7304727188862079,0.9525123557406578,856,109,0.7096378504672897,0.5814718709900047,0.8378038299445746,11.0,False,False,0.6429318925233645
34,A,上位2点,自信conf3≥q50 / 本命オッズ>=20,True,27,3,0.9888888888888889,-0.12159193151819858,2.0993697092959764,10,1,0.705,-0.6058905812462,2.0158905812462,17.100000381469727,False,False,0.63873
35,A,上位2点,自信conf3≥q70 / 本命オッズany,True,6827,1929,0.8796469898930717,0.8436205039262324,0.9156734758599109,4745,1287,0.8617175974710222,0.818616790194301,0.9048184047477433,5.900000095367432,False,False,0.7807161433087461
36,A,上位2点,自信conf3≥q70 / 本命オッズ<5,True,2016,730,0.8890873015873015,0.8333794779464729,0.9447951252281301,1264,440,0.8719145569620254,0.8007605598381702,0.9430685540858805,4.5,False,False,0.789954588607595
37,A,上位2点,自信conf3≥q70 / 本命オッズ5-10,True,4477,1148,0.8822872459236095,0.8358668712927514,0.9287076205544676,3229,816,0.8738154227314958,0.8196910354673987,0.9279398099955929,6.5,False,False,0.7916767729947353
38,A,上位2点,自信conf3≥q70 / 本命オッズ10-20,True,333,51,0.7896396396396397,0.5843131652286719,0.9949661140506074,251,31,0.6581673306772908,0.4346373243708208,0.8816973369837608,10.449999809265137,False,False,0.5962996015936255
39,A,上位2点,自信conf3≥q70 / 本命オッズ>=20,True,1,0,0.0,0.0,0.0,1,0,0.0,0.0,0.0,,False,False,0.0
40,A,上位2点,自信conf3≥q90 / 本命オッズany,True,2277,762,0.8845849802371542,0.8291690923299143,0.940000868144394,1544,490,0.8557642487046632,0.7887740097230587,0.9227544876862677,5.0,False,False,0.7753224093264248
41,A,上位2点,自信conf3≥q90 / 本命オッズ<5,True,1257,487,0.9033412887828163,0.8361847690783387,0.9704978084872938,777,284,0.8561132561132561,0.7715850935826021,0.94064141864391,4.400000095367432,False,False,0.77563861003861
42,A,上位2点,自信conf3≥q90 / 本命オッズ5-10,True,1001,271,0.8526473526473527,0.7617367173764431,0.9435579879182623,752,206,0.8724734042553192,0.7665759580006812,0.9783708505099571,6.0,False,False,0.7904609042553192
43,A,上位2点,自信conf3≥q90 / 本命オッズ10-20,True,19,4,1.3263157894736841,0.15565846455462595,2.496973114392742,15,0,0.0,0.0,0.0,12.599999904632568,False,False,0.0
44,A,上位2点,自信conf3≥q90 / 本命オッズ>=20,True,0,0,,,,0,0,,,,,False,False,
45,A,上位2点,自信conf3≥q95 / 本命オッズany,True,1139,419,0.9068920105355575,0.832240019533672,0.9815440015374429,709,242,0.8444992947813822,0.7520963722672622,0.9369022172955022,4.599999904632568,False,False,0.7651163610719323
46,A,上位2点,自信conf3≥q95 / 本命オッズ<5,True,769,310,0.9081274382314695,0.824804790497212,0.9914500859657269,455,174,0.8581318681318681,0.7512668068290062,0.9649969294347301,4.300000190734863,False,False,0.7774674725274726
47,A,上位2点,自信conf3≥q95 / 本命オッズ5-10,True,367,107,0.8728882833787466,0.72816614402268,1.0176104227348133,249,68,0.8365461847389558,0.6608599032900865,1.0122324661878253,5.699999809265137,False,False,0.757910843373494
48,A,上位2点,自信conf3≥q95 / 本命オッズ10-20,True,3,2,4.75,0.9289773329353017,8.571022667064698,5,0,0.0,0.0,0.0,14.25,False,False,0.0
49,A,上位2点,自信conf3≥q95 / 本命オッズ>=20,True,0,0,,,,0,0,,,,,False,False,
50,A,上位3点,自信conf3≥qNone / 本命オッズany,True,22755,5701,0.8003193437339778,0.7788533184829436,0.8217853689850121,14169,3483,0.7933775613428377,0.7664241220614981,0.8203310006241772,8.300000190734863,False,False,0.7188000705766109
51,A,上位3点,自信conf3≥qNone / 本命オッズ<5,True,2181,977,0.8519486474094452,0.8060885904886684,0.897808704330222,1341,564,0.8165548098434005,0.7571955976026057,0.8759140220841952,4.800000190734863,False,False,0.7397986577181208
52,A,上位3点,自信conf3≥qNone / 本命オッズ5-10,True,11520,3351,0.8260706018518519,0.8002184126838843,0.8519227910198195,7349,2076,0.8037329341860571,0.771721297178845,0.8357445711932692,7.900000095367432,False,False,0.7281820383725677
53,A,上位3点,自信conf3≥qNone / 本命オッズ10-20,True,7177,1211,0.7596860340903813,0.7175081790312664,0.8018638891494961,4361,738,0.784560116181304,0.7292799961274322,0.8398402362351757,12.5,False,False,0.7108114652602614
54,A,上位3点,自信conf3≥qNone / 本命オッズ>=20,True,1877,162,0.737648730243296,0.6207627159317203,0.8545347445548718,1118,105,0.7319022063208109,0.5875971115681164,0.8762073010735054,22.600000381469727,False,False,0.6631033989266547
55,A,上位3点,自信conf3≥q50 / 本命オッズany,True,11380,3726,0.8331165787932044,0.8085206199855947,0.8577125376008142,7455,2335,0.8050346523585961,0.7749771110713646,0.8350921936458275,7.099999904632568,False,False,0.729361395036888
56,A,上位3点,自信conf3≥q50 / 本命オッズ<5,True,2165,974,0.8551655119322555,0.8091071010238373,0.9012239228406738,1332,562,0.819019019019019,0.7594063140211297,0.8786317240169083,4.800000190734863,False,False,0.7420312312312312
57,A,上位3点,自信conf3≥q50 / 本命オッズ5-10,True,7848,2484,0.8428559293238193,0.8129595347325236,0.8727523239151149,5257,1605,0.8125610297381269,0.7766952395079688,0.8484268199682851,7.400000095367432,False,False,0.736180292942743
58,A,上位3点,自信conf3≥q50 / 本命オッズ10-20,True,1340,265,0.743955223880597,0.6591905646014088,0.8287198831597852,856,166,0.738006230529595,0.6318969134939317,0.8441155475652583,10.899999618530273,False,False,0.6686336448598131
59,A,上位3点,自信conf3≥q50 / 本命オッズ>=20,True,27,3,0.6592592592592592,-0.08106128767879917,1.3995798061973175,10,2,0.7233333333333334,-0.22226595318641995,1.6689326198530867,14.100000381469727,False,False,0.65534
60,A,上位3点,自信conf3≥q70 / 本命オッズany,True,6827,2509,0.8505248767150041,0.8207374470437092,0.880312306386299,4745,1674,0.8400421496311907,0.8039007192912827,0.8761835799710987,6.5,False,False,0.7610781875658589
61,A,上位3点,自信conf3≥q70 / 本命オッズ<5,True,2016,911,0.8480820105820106,0.8009680226587387,0.8951959985052825,1264,548,0.8389767932489451,0.7775835703603035,0.9003700161375868,4.800000190734863,False,False,0.7601129746835443
62,A,上位3点,自信conf3≥q70 / 本命オッズ5-10,True,4477,1525,0.8608815426997245,0.8224137840208293,0.8993493013786197,3229,1075,0.8487973572829566,0.8038207192534386,0.8937739953124746,7.0,False,False,0.7690104056983587
63,A,上位3点,自信conf3≥q70 / 本命オッズ10-20,True,333,73,0.7286286286286286,0.574045651078285,0.8832116061789723,251,51,0.7361221779548472,0.5458204343250782,0.9264239215846163,10.199999809265137,False,False,0.6669266932270916
64,A,上位3点,自信conf3≥q70 / 本命オッズ>=20,True,1,0,0.0,0.0,0.0,1,0,0.0,0.0,0.0,,False,False,0.0
65,A,上位3点,自信conf3≥q90 / 本命オッズany,True,2277,991,0.8812765334504465,0.8333998138814677,0.9291532530194254,1544,605,0.7956606217616581,0.7394130301695164,0.8519082133537997,5.5,False,False,0.7208685233160622
66,A,上位3点,自信conf3≥q90 / 本命オッズ<5,True,1257,608,0.8711217183770883,0.8124583318380931,0.9297851049160835,777,349,0.817975117975118,0.7441301864287988,0.8918200495214372,4.599999904632568,False,False,0.7410854568854569
67,A,上位3点,自信conf3≥q90 / 本命オッズ5-10,True,1001,378,0.8914418914418915,0.8126632821295614,0.9702205007542215,752,255,0.7839095744680851,0.6978584995583171,0.869960649377853,6.199999809265137,False,False,0.710222074468085
68,A,上位3点,自信conf3≥q90 / 本命オッズ10-20,True,19,5,1.0175438596491229,0.2262725459114896,1.8088151733867561,15,1,0.2288888888888889,-0.20452135370677396,0.6622991314845518,11.050000190734863,False,False,0.20737333333333335
69,A,上位3点,自信conf3≥q90 / 本命オッズ>=20,True,0,0,,,,0,0,,,,,False,False,
70,A,上位3点,自信conf3≥q95 / 本命オッズany,True,1139,525,0.8474392742171496,0.7864193355152801,0.9084592129190191,709,296,0.7784203102961919,0.7011523311187984,0.8556882894735853,5.0,False,False,0.7052488011283499
71,A,上位3点,自信conf3≥q95 / 本命オッズ<5,True,769,383,0.8523190290420459,0.781742814055291,0.9228952440288009,455,209,0.790915750915751,0.6989503362163408,0.8828811656151611,4.5,False,False,0.7165696703296703
72,A,上位3点,自信conf3≥q95 / 本命オッズ5-10,True,367,140,0.8182561307901908,0.703838862563085,0.9326733990172965,249,87,0.7712182061579652,0.6298965061865134,0.912539906129417,5.900000095367432,False,False,0.6987236947791166
73,A,上位3点,自信conf3≥q95 / 本命オッズ10-20,True,3,2,3.1666666666666665,0.6193182219568678,5.714015111376465,5,0,0.0,0.0,0.0,14.25,False,False,0.0
74,A,上位3点,自信conf3≥q95 / 本命オッズ>=20,True,0,0,,,,0,0,,,,,False,False,
75,A,上位5点,自信conf5≥qNone / 本命オッズany,True,22755,8026,0.7861551307404966,0.7690735091344967,0.8032367523464965,14169,4931,0.7901446820523679,0.768046678532636,0.8122426855720998,9.600000381469727,False,False,0.7158710819394453
76,A,上位5点,自信conf5≥qNone / 本命オッズ<5,True,2181,1246,0.8043007794589638,0.7660345306738198,0.8425670282441079,1341,722,0.786607009694258,0.7342309142868128,0.8389831051017033,5.699999809265137,False,False,0.7126659507829978
77,A,上位5点,自信conf5≥qNone / 本命オッズ5-10,True,11520,4668,0.8079878472222223,0.7871282095635223,0.8288474848809223,7349,2941,0.8120996053884882,0.7851889025075988,0.8390103082693777,8.800000190734863,False,False,0.7357622424819704
78,A,上位5点,自信conf5≥qNone / 本命オッズ10-20,True,7177,1844,0.7616998745994148,0.7280345709926739,0.7953651782061557,4361,1097,0.7673469387755102,0.723198121558337,0.8114957559926834,13.300000190734863,False,False,0.6952163265306123
79,A,上位5点,自信conf5≥qNone / 本命オッズ>=20,True,1877,268,0.724581779435269,0.6355527847968261,0.813610774073712,1118,171,0.7389982110912343,0.6227592318850735,0.8552371902973951,22.700000762939453,False,False,0.6695323792486583
80,A,上位5点,自信conf5≥q50 / 本命オッズany,True,11378,5094,0.809790824397961,0.7899943323219917,0.8295873164739304,7510,3217,0.7898002663115845,0.7650185765582649,0.8145819560649041,8.100000381469727,False,False,0.7155590412782956
81,A,上位5点,自信conf5≥q50 / 本命オッズ<5,True,2161,1239,0.807968533086534,0.7694552250166983,0.8464818411563698,1331,718,0.7874830954169797,0.7348758208312219,0.8400903700027375,5.699999809265137,False,False,0.7134596844477836
82,A,上位5点,自信conf5≥q50 / 本命オッズ5-10,True,7778,3401,0.8168295191565955,0.7927323313425488,0.8409267069706422,5272,2246,0.8075113808801214,0.7778894351080227,0.8371333266522202,8.199999809265137,False,False,0.73160531107739
83,A,上位5点,自信conf5≥q50 / 本命オッズ10-20,True,1406,449,0.779103840682788,0.7139604995848904,0.8442471817806857,896,251,0.6938839285714286,0.6128731484532164,0.7748947086896407,11.300000190734863,False,False,0.6286588392857143
84,A,上位5点,自信conf5≥q50 / 本命オッズ>=20,True,33,5,0.5775757575757576,0.07356575176968305,1.0815857633818322,11,2,0.39454545454545453,-0.12647940986250228,0.9155703189534113,14.100000381469727,False,False,0.35745818181818184
85,A,上位5点,自信conf5≥q70 / 本命オッズany,True,6830,3348,0.8082576866764275,0.7846134655301441,0.8319019078227109,4674,2239,0.8257595207531022,0.7951779333787355,0.8563411081274689,7.400000095367432,False,False,0.7481381258023106
86,A,上位5点,自信conf5≥q70 / 本命オッズ<5,True,2001,1151,0.8011294352823588,0.7614713958039515,0.8407874747607661,1248,685,0.7933814102564103,0.7395819369580852,0.8471808835547354,5.599999904632568,False,False,0.7188035576923077
87,A,上位5点,自信conf5≥q70 / 本命オッズ5-10,True,4456,2075,0.8214631956912029,0.7912245800906991,0.8517018112917066,3142,1461,0.8422915340547422,0.804627433371561,0.8799556347379235,7.800000190734863,False,False,0.7631161298535964
88,A,上位5点,自信conf5≥q70 / 本命オッズ10-20,True,373,122,0.688739946380697,0.5814308682296927,0.7960490245317013,281,93,0.7935231316725979,0.6383388586166823,0.9487074047285136,10.300000190734863,False,False,0.7189319572953737
89,A,上位5点,自信conf5≥q70 / 本命オッズ>=20,True,0,0,,,,3,0,0.0,0.0,0.0,,False,False,0.0
90,A,上位5点,自信conf5≥q90 / 本命オッズany,True,2277,1290,0.8290206411945542,0.7906950510151879,0.8673462313739205,1535,818,0.8134983713355048,0.7646470020220902,0.8623497406489194,6.300000190734863,False,False,0.7370295244299674
91,A,上位5点,自信conf5≥q90 / 本命オッズ<5,True,1204,724,0.7840199335548172,0.736106547986338,0.8319333191232965,747,432,0.8059705488621152,0.7375334836445758,0.8744076140796545,5.300000190734863,False,False,0.7302093172690763
92,A,上位5点,自信conf5≥q90 / 本命オッズ5-10,True,1044,548,0.8709961685823755,0.809386673489997,0.932605663674754,762,376,0.8260892388451444,0.7552326102393384,0.8969458674509504,7.099999904632568,False,False,0.7484368503937009
93,A,上位5点,自信conf5≥q90 / 本命オッズ10-20,True,29,18,1.186206896551724,0.8085113537522948,1.5639024393511534,26,10,0.6607692307692308,0.2931736816672079,1.0283647798712536,8.349999904632568,False,False,0.5986569230769231
94,A,上位5点,自信conf5≥q90 / 本命オッズ>=20,True,0,0,,,,0,0,,,,,False,False,
95,A,上位5点,自信conf5≥q95 / 本命オッズany,True,1138,677,0.8171528998242531,0.7654369721527752,0.868868827495731,709,398,0.8224541607898449,0.7531369176324096,0.8917714039472802,5.800000190734863,False,False,0.7451434696755995
96,A,上位5点,自信conf5≥q95 / 本命オッズ<5,True,712,443,0.7880337078651686,0.7268104161092306,0.8492569996211066,416,244,0.8011538461538461,0.712174917818862,0.8901327744888302,5.0,False,False,0.7258453846153846
97,A,上位5点,自信conf5≥q95 / 本命オッズ5-10,True,416,227,0.8527884615384616,0.7597231887412582,0.9458537343356649,286,152,0.8632867132867132,0.7513368076856694,0.9752366188877571,6.800000190734863,False,False,0.7821377622377622
98,A,上位5点,自信conf5≥q95 / 本命オッズ10-20,True,10,7,1.408,0.723554080324822,2.092445919675178,7,2,0.42,-0.09805297026462462,0.9380529702646245,9.899999618530273,False,False,0.38052
99,A,上位5点,自信conf5≥q95 / 本命オッズ>=20,True,0,0,,,,0,0,,,,,False,False,
100,A,上位10点,自信conf10≥qNone / 本命オッズany,True,22755,11850,0.7738141067897165,0.7603981828808997,0.7872300306985334,14169,7391,0.7871254146375891,0.7699831359823164,0.8042676932928619,12.300000190734863,False,False,0.7131356256616558
101,A,上位10点,自信conf10≥qNone / 本命オッズ<5,True,2181,1627,0.7835580009170106,0.7466075902268086,0.8205084116072126,1341,955,0.7658985831469053,0.7188338530962368,0.8129633131975738,7.599999904632568,False,False,0.6939041163310962
102,A,上位10点,自信conf10≥qNone / 本命オッズ5-10,True,11520,6735,0.789,0.7719059636381955,0.8060940363618045,7349,4285,0.7986583208599809,0.7771826237644511,0.8201340179555107,10.899999618530273,False,False,0.7235844386991427
103,A,上位10点,自信conf10≥qNone / 本命オッズ10-20,True,7177,3004,0.7694844642608332,0.7435190944184686,0.7954498341031977,4361,1838,0.7864893373079569,0.7529721858803811,0.8200064887355327,15.699999809265137,False,False,0.7125593396010089
104,A,上位10点,自信conf10≥qNone / 本命オッズ>=20,True,1877,484,0.6858444326052211,0.6248034084922995,0.7468854567181427,1118,313,0.7392576028622541,0.6557235391117038,0.8227916666128043,23.5,False,False,0.6697673881932023
105,A,上位10点,自信conf10≥q50 / 本命オッズany,True,11378,7229,0.7945825276850061,0.7780124074083525,0.8111526479616598,7627,4737,0.7947226956863773,0.7743322035964326,0.815113187776322,10.100000381469727,False,False,0.7200187622918579
106,A,上位10点,自信conf10≥q50 / 本命オッズ<5,True,2148,1609,0.7821973929236499,0.7452535685617233,0.8191412172855764,1332,949,0.7653378378378378,0.7181196470181355,0.8125560286575402,7.599999904632568,False,False,0.6933960810810811
107,A,上位10点,自信conf10≥q50 / 本命オッズ5-10,True,7667,4791,0.7928290074344594,0.7729237998466039,0.8127342150223149,5269,3261,0.8021617005124312,0.7776616288628905,0.8266617721619719,10.100000381469727,False,False,0.7267585006642627
108,A,上位10点,自信conf10≥q50 / 本命オッズ10-20,True,1523,810,0.8194550229809586,0.7694900212252248,0.8694200247366924,1001,514,0.7904995004995005,0.731882168044675,0.8491168329543259,13.100000381469727,False,False,0.7161925474525475
109,A,上位10点,自信conf10≥q50 / 本命オッズ>=20,True,40,19,0.84875,0.5313569206212901,1.1661430793787098,25,13,0.9616,0.5333971999389076,1.3898028000610925,16.449999809265137,False,False,0.8712096
110,A,上位10点,自信conf10≥q70 / 本命オッズany,True,6827,4636,0.7957316537278453,0.7747434699296768,0.8167198375260137,4834,3178,0.786553578816715,0.7620949148540456,0.8110122427793843,9.199999809265137,False,False,0.7126175424079437
111,A,上位10点,自信conf10≥q70 / 本命オッズ<5,True,1946,1469,0.7844450154162385,0.7455129559938113,0.8233770748386656,1214,877,0.7612273476112026,0.7138378799885525,0.8086168152338526,7.300000190734863,False,False,0.6896719769357496
112,A,上位10点,自信conf10≥q70 / 本命オッズ5-10,True,4403,2894,0.7961299114240291,0.770386196147732,0.8218736267003263,3252,2110,0.8007503075030751,0.7706819762971487,0.8308186387090014,9.600000381469727,False,False,0.725479778597786
113,A,上位10点,自信conf10≥q70 / 本命オッズ10-20,True,471,271,0.8423991507430998,0.7494821688347051,0.9353161326514945,364,190,0.7491483516483517,0.6583576945831433,0.8399390087135601,12.100000381469727,False,False,0.6787284065934066
114,A,上位10点,自信conf10≥q70 / 本命オッズ>=20,True,7,2,0.5428571428571428,-0.11340353705595385,1.1991178227702395,4,1,0.335,-0.23363228012486242,0.9036322801248624,14.899999618530273,False,False,0.30351
115,A,上位10点,自信conf10≥q90 / 本命オッズany,True,2277,1732,0.8001361440491875,0.7659593427443336,0.8343129453540414,1549,1102,0.7541446094254358,0.7147757625864584,0.7935134562644133,8.0,False,False,0.6832550161394448
116,A,上位10点,自信conf10≥q90 / 本命オッズ<5,True,1097,878,0.7844849589790337,0.7364957919228646,0.8324741260352028,682,510,0.7331378299120235,0.6742199240175522,0.7920557358064948,6.75,False,False,0.6642228739002933
117,A,上位10点,自信conf10≥q90 / 本命オッズ5-10,True,1129,823,0.8213728963684677,0.7712795356695373,0.871466257067398,811,557,0.7708631319358816,0.7161053233469027,0.8256209405248606,8.699999809265137,False,False,0.6984019975339087
118,A,上位10点,自信conf10≥q90 / 本命オッズ10-20,True,50,31,0.68,0.5034719931115745,0.8565280068884256,56,35,0.7678571428571429,0.564205430367412,0.9715088553468738,10.650000095367432,False,False,0.6956785714285715
119,A,上位10点,自信conf10≥q90 / 本命オッズ>=20,True,1,0,0.0,0.0,0.0,0,0,,,,,False,False,
120,A,上位10点,自信conf10≥q95 / 本命オッズany,True,1138,877,0.7521704745166959,0.7056475850864241,0.7986933639469678,761,559,0.7415768725361367,0.687366774479298,0.7957869705929754,7.400000095367432,False,False,0.6718686465177398
121,A,上位10点,自信conf10≥q95 / 本命オッズ<5,True,638,511,0.730423197492163,0.6706431576493862,0.7902032373349398,402,308,0.7301243781094527,0.6540891377665714,0.8061596184523341,6.199999809265137,False,False,0.6614926865671642
122,A,上位10点,自信conf10≥q95 / 本命オッズ5-10,True,482,353,0.7841078838174274,0.7085021479934028,0.8597136196414519,342,242,0.7590058479532164,0.6797753850364059,0.8382363108700268,8.199999809265137,False,False,0.687659298245614
123,A,上位10点,自信conf10≥q95 / 本命オッズ10-20,True,18,13,0.6677777777777778,0.4402361833950996,0.895319372160456,17,9,0.6617647058823529,0.327259788745331,0.9962696230193748,10.050000190734863,False,False,0.5995588235294118
124,A,上位10点,自信conf10≥q95 / 本命オッズ>=20,True,0,0,,,,0,0,,,,,False,False,
125,B,期待値≥0.8・最大1点,オッズ≤20 / 自信conf10≥qNone,True,17304,1104,0.8331252889505316,0.7832582502270367,0.8829923276740266,11220,696,0.7976827094474154,0.737259607996855,0.8581058108979758,13.100000381469727,False,False,0.7227005347593584
126,B,期待値≥0.8・最大1点,オッズ≤20 / 自信conf10≥q70,True,6662,506,0.8642149504653257,0.7873680036979827,0.9410618972326688,4729,330,0.770078240642842,0.6846043226674404,0.8555521586182436,10.800000190734863,False,False,0.6976908860224149
127,B,期待値≥0.8・最大1点,オッズ≤20 / 自信conf10≥q90,True,2251,177,0.8289204797867614,0.7033113277926246,0.9545296317808982,1522,112,0.7486859395532195,0.6045418326781518,0.8928300464282872,9.5,False,False,0.6783094612352168
128,B,期待値≥0.8・最大1点,オッズ≤50 / 自信conf10≥qNone,True,22671,605,0.7459397468131093,0.6819189522844422,0.8099605413417763,14107,411,0.840270787552279,0.7536264573340864,0.9269151177704716,28.5,False,False,0.7612853335223648
129,B,期待値≥0.8・最大1点,オッズ≤50 / 自信conf10≥q70,True,6824,224,0.6895076201641266,0.5882401904368825,0.7907750498913707,4833,163,0.7860955927995034,0.6518549790473925,0.9203362065516142,19.399999618530273,False,False,0.7122026070763501
130,B,期待値≥0.8・最大1点,オッズ≤50 / 自信conf10≥q90,True,2277,90,0.7193236714975846,0.5514667541935734,0.8871805888015958,1549,55,0.6568108457069077,0.4553728543160368,0.8582488370977787,15.5,False,False,0.5950706262104585
131,B,期待値≥0.8・最大1点,オッズ≤100 / 自信conf10≥qNone,True,22755,337,0.6803032300593276,0.5974216582052551,0.7631848019134001,14169,238,0.7349495377231985,0.6310961608864716,0.8388029145599254,41.0,False,False,0.6658642811772179
132,B,期待値≥0.8・最大1点,オッズ≤100 / 自信conf10≥q70,True,6827,125,0.6026951808993701,0.4732072147836459,0.7321831470150943,4834,94,0.7050889532478278,0.5406452327008706,0.869532673794785,28.700000762939453,False,False,0.6388105916425321
133,B,期待値≥0.8・最大1点,オッズ≤100 / 自信conf10≥q90,True,2277,47,0.5402283706631533,0.34572541949750457,0.7347313218288021,1549,36,0.8040671400903809,0.48161726371002656,1.1265170164707352,18.799999237060547,False,False,0.7284848289218852
134,B,期待値≥0.8・最大1点,オッズ≤inf / 自信conf10≥qNone,True,22755,266,0.7215249395737201,0.6184886991630649,0.8245611799843753,14169,179,0.7451831463053145,0.6094908259405865,0.8808754666700425,52.5,False,False,0.6751359305526149
135,B,期待値≥0.8・最大1点,オッズ≤inf / 自信conf10≥q70,True,6827,98,0.7486743811337337,0.5568639825694593,0.9404847796980081,4834,63,0.718680182043856,0.46590609460338867,0.9714542694843233,37.099998474121094,False,False,0.6511242449317335
136,B,期待値≥0.8・最大1点,オッズ≤inf / 自信conf10≥q90,True,2277,31,0.5812911725955204,0.2965164187280094,0.8660659264630315,1549,27,1.1198837959974177,0.4844860265448434,1.755281565449992,31.049999237060547,False,False,1.0146147191736605
137,B,期待値≥0.8・最大3点,オッズ≤20 / 自信conf10≥qNone,True,17304,2446,0.809053714096149,0.7776256503118294,0.8404817778804686,11220,1673,0.833823348252782,0.7947272805191412,0.8729194159864229,11.699999809265137,False,False,0.7554439535170205
138,B,期待値≥0.8・最大3点,オッズ≤20 / 自信conf10≥q70,True,6662,1300,0.8369196483843011,0.7927161981628583,0.8811230986057439,4729,933,0.8411335482776175,0.7886209862055792,0.8936461103496559,9.699999809265137,False,False,0.7620669947395216
139,B,期待値≥0.8・最大3点,オッズ≤20 / 自信conf10≥q90,True,2251,503,0.836611062335382,0.7651369277630807,0.9080851969076832,1522,343,0.8389774740572007,0.7526873879085084,0.925267560205893,8.5,False,False,0.7601135914958238
140,B,期待値≥0.8・最大3点,オッズ≤50 / 自信conf10≥qNone,True,22671,2202,0.8043436120720506,0.7682439894231302,0.840443234720971,14107,1395,0.7948167301108477,0.7498991878906237,0.8397342723310718,23.100000381469727,False,False,0.7201039574804281
141,B,期待値≥0.8・最大3点,オッズ≤50 / 自信conf10≥q70,True,6824,883,0.8043232620977647,0.745133972160352,0.8635125520351774,4833,614,0.7786475636766335,0.7102631356336947,0.8470319917195722,14.899999618530273,False,False,0.7054546926910299
142,B,期待値≥0.8・最大3点,オッズ≤50 / 自信conf10≥q90,True,2277,335,0.7958603417796111,0.6984341108274247,0.8932865727317975,1549,209,0.6838626053143227,0.5784458296216848,0.7892793810069607,12.0,False,False,0.6195795204147764
143,B,期待値≥0.8・最大3点,オッズ≤100 / 自信conf10≥qNone,True,22755,1244,0.7163824425691514,0.6707946567010432,0.7619702284372596,14169,919,0.7944077167392072,0.7355440017353317,0.8532714317430826,34.099998474121094,False,False,0.7197333913657217
144,B,期待値≥0.8・最大3点,オッズ≤100 / 自信conf10≥q70,True,6827,502,0.7247338607285868,0.6476404159081779,0.8018273055489957,4834,398,0.7692297082959796,0.6777402835054654,0.8607191330864937,21.299999237060547,False,False,0.6969221157161575
145,B,期待値≥0.8・最大3点,オッズ≤100 / 自信conf10≥q90,True,2277,201,0.7267203513909224,0.6009310709239122,0.8525096318579326,1549,150,0.7457714654615881,0.5897016749229327,0.9018412560002436,15.699999809265137,False,False,0.6756689477081989
146,B,期待値≥0.8・最大3点,オッズ≤inf / 自信conf10≥qNone,True,22755,1003,0.7178652524867787,0.6640019995107762,0.7717285054627812,14169,703,0.7690450984543722,0.6994981442998487,0.8385920526088957,39.5,False,False,0.6967548591996612
147,B,期待値≥0.8・最大3点,オッズ≤inf / 自信conf10≥q70,True,6827,354,0.7059713881158146,0.6044952186199117,0.8074475576117175,4834,279,0.7769617983726382,0.6513030647452109,0.9026205320000655,26.5,False,False,0.7039273893256103
148,B,期待値≥0.8・最大3点,オッズ≤inf / 自信conf10≥q90,True,2277,130,0.6165568730786122,0.46694986828685137,0.766163877870373,1549,91,0.8916935657413385,0.6127204131316124,1.1706667183510646,20.200000762939453,False,False,0.8078743705616527
149,B,期待値≥0.8・最大5点,オッズ≤20 / 自信conf10≥qNone,True,17304,2703,0.8090840444008155,0.779659795425802,0.838508293375829,11220,1870,0.8311577940473125,0.7949919864600039,0.8673236016346211,11.699999809265137,False,False,0.7530289614068651
150,B,期待値≥0.8・最大5点,オッズ≤20 / 自信conf10≥q70,True,6662,1486,0.8336628315237941,0.793528979856388,0.8737966831912001,4729,1083,0.8394972677595628,0.7922316194644304,0.8867629160546951,9.699999809265137,False,False,0.7605845245901639
151,B,期待値≥0.8・最大5点,オッズ≤20 / 自信conf10≥q90,True,2251,586,0.8325978540123923,0.7688542708144991,0.8963414372102855,1522,414,0.8536647546207775,0.7770334471021019,0.9302960621394532,8.399999618530273,False,False,0.7734202676864245
152,B,期待値≥0.8・最大5点,オッズ≤50 / 自信conf10≥qNone,True,22671,3762,0.8021782065941543,0.7749413255550219,0.8294150876332866,14107,2467,0.8120099188049049,0.7781178466331923,0.8459019909766176,20.200000762939453,False,False,0.7356809864372439
153,B,期待値≥0.8・最大5点,オッズ≤50 / 自信conf10≥q70,True,6824,1575,0.8305333374509744,0.7856673186006574,0.8753993563012913,4833,1111,0.7966425820966556,0.7458430430134391,0.8474421211798722,13.100000381469727,False,False,0.72175817937957
154,B,期待値≥0.8・最大5点,オッズ≤50 / 自信conf10≥q90,True,2277,601,0.8353640276997941,0.7598718261562762,0.910856229243312,1549,396,0.7470620388084176,0.6668133896039516,0.8273106880128835,10.600000381469727,False,False,0.6768382071604263
155,B,期待値≥0.8・最大5点,オッズ≤100 / 自信conf10≥qNone,True,22755,2458,0.7504085729883944,0.7163217368634531,0.7844954091133356,14169,1727,0.797919524786083,0.75441595164707,0.841423097925096,28.899999618530273,False,False,0.7229150894561912
156,B,期待値≥0.8・最大5点,オッズ≤100 / 自信conf10≥q70,True,6827,1035,0.771317396922354,0.7141178742615613,0.8285169195831468,4834,763,0.7562906769473117,0.6907708821193659,0.8218104717752575,17.34999942779541,False,False,0.6851993533142644
157,B,期待値≥0.8・最大5点,オッズ≤100 / 自信conf10≥q90,True,2277,416,0.7894300335274396,0.6929006405284485,0.8859594265264307,1549,278,0.739357013222712,0.6251150779751612,0.8535989484702627,13.399999618530273,False,False,0.669857453979777
158,B,期待値≥0.8・最大5点,オッズ≤inf / 自信conf10≥qNone,True,22755,2015,0.7366301461407242,0.6978069318183218,0.7754533604631266,14169,1404,0.7774019040085878,0.7276505821888127,0.8271532258283628,33.099998474121094,False,False,0.7043261250317805
159,B,期待値≥0.8・最大5点,オッズ≤inf / 自信conf10≥q70,True,6827,782,0.7603714988866752,0.6878415661232197,0.8329014316501308,4834,558,0.7206314395663508,0.6366208870989754,0.8046419920337262,20.799999237060547,False,False,0.6528920842471139
160,B,期待値≥0.8・最大5点,オッズ≤inf / 自信conf10≥q90,True,2277,286,0.6944137022397892,0.5812257679183465,0.8076016365612319,1549,192,0.7784478305785124,0.5999739328861561,0.9569217282708687,15.699999809265137,False,False,0.7052737345041322
161,B,期待値≥0.8・最大10点,オッズ≤20 / 自信conf10≥qNone,True,17304,2715,0.8093328992838184,0.7800127605869239,0.8386530379807128,11220,1881,0.8306475188189725,0.7946995459010319,0.8665954917369131,11.699999809265137,False,False,0.7525666520499891
162,B,期待値≥0.8・最大10点,オッズ≤20 / 自信conf10≥q70,True,6662,1497,0.8348819782690146,0.7949701835423113,0.8747937729957178,4729,1091,0.8379623621025308,0.7911278315155311,0.8847968926895305,9.699999809265137,False,False,0.759193900064893
163,B,期待値≥0.8・最大10点,オッズ≤20 / 自信conf10≥q90,True,2251,589,0.8306265889038433,0.7673340944240052,0.8939190833836814,1522,418,0.8500418760469012,0.774615329112974,0.9254684229808283,8.5,False,False,0.7701379396984925
164,B,期待値≥0.8・最大10点,オッズ≤50 / 自信conf10≥qNone,True,22671,5223,0.7984090381816775,0.7761029157627845,0.8207151606005706,14107,3428,0.807603053777424,0.7800069036311499,0.8351992039236982,19.100000381469727,False,False,0.7316883667223462
165,B,期待値≥0.8・最大10点,オッズ≤50 / 自信conf10≥q70,True,6824,2089,0.8154405495026054,0.7783680572198949,0.8525130417853158,4833,1496,0.7875889328063241,0.7458800524432991,0.8292978131693491,12.5,False,False,0.7135555731225297
166,B,期待値≥0.8・最大10点,オッズ≤50 / 自信conf10≥q90,True,2277,763,0.8459526868717406,0.7799523635565445,0.9119530101869368,1549,514,0.7568963634378072,0.687721563944743,0.8260711629308713,10.5,False,False,0.6857481052746534
167,B,期待値≥0.8・最大10点,オッズ≤100 / 自信conf10≥qNone,True,22755,5454,0.7696916056004695,0.7468612730524871,0.7925219381484518,14169,3596,0.7878297063041716,0.7589695226818919,0.8166898899264513,23.100000381469727,False,False,0.7137737139115795
168,B,期待値≥0.8・最大10点,オッズ≤100 / 自信conf10≥q70,True,6827,2139,0.770408966776685,0.7314021144949915,0.8094158190583786,4834,1535,0.7637939121054359,0.7180098733195974,0.8095779508912744,14.300000190734863,False,False,0.691997284367525
169,B,期待値≥0.8・最大10点,オッズ≤100 / 自信conf10≥q90,True,2277,782,0.7847196286613669,0.7159628720000236,0.8534763853227102,1549,532,0.740690239580926,0.6609356013521714,0.8204448778096805,11.199999809265137,False,False,0.6710653570603189
170,B,期待値≥0.8・最大10点,オッズ≤inf / 自信conf10≥qNone,True,22755,5146,0.7609782016096989,0.7363619839880519,0.7855944192313459,14169,3417,0.7793564168717518,0.7481789311289541,0.8105339026145496,24.299999237060547,False,False,0.7060969136858072
171,B,期待値≥0.8・最大10点,オッズ≤inf / 自信conf10≥q70,True,6827,1984,0.7629317361591031,0.7178658225930269,0.8079976497251794,4834,1438,0.7551652309761971,0.7023832983978849,0.8079471635545094,15.199999809265137,False,False,0.6841796992644347
172,B,期待値≥0.8・最大10点,オッズ≤inf / 自信conf10≥q90,True,2277,709,0.7191410416956542,0.6456956224679197,0.7925864609233887,1549,497,0.766764245353666,0.6596561966762476,0.8738722940310845,11.949999809265137,False,False,0.6946884062904215
173,B,期待値≥0.8・最大20点,オッズ≤20 / 自信conf10≥qNone,True,17304,2715,0.8093328992838184,0.7800127605869239,0.8386530379807128,11220,1881,0.8306475188189725,0.7946995459010319,0.8665954917369131,11.699999809265137,False,False,0.7525666520499891
174,B,期待値≥0.8・最大20点,オッズ≤20 / 自信conf10≥q70,True,6662,1497,0.8348819782690146,0.7949701835423113,0.8747937729957178,4729,1091,0.8379623621025308,0.7911278315155311,0.8847968926895305,9.699999809265137,False,False,0.759193900064893
175,B,期待値≥0.8・最大20点,オッズ≤20 / 自信conf10≥q90,True,2251,589,0.8306265889038433,0.7673340944240052,0.8939190833836814,1522,418,0.8500418760469012,0.774615329112974,0.9254684229808283,8.5,False,False,0.7701379396984925
176,B,期待値≥0.8・最大20点,オッズ≤50 / 自信conf10≥qNone,True,22671,5282,0.8000431772915303,0.7779002220394012,0.8221861325436594,14107,3455,0.8065784793241441,0.7792005152598861,0.833956443388402,19.100000381469727,False,False,0.7307601022676745
177,B,期待値≥0.8・最大20点,オッズ≤50 / 自信conf10≥q70,True,6824,2098,0.8157941940051924,0.7788342699252508,0.8527541180851339,4833,1500,0.7870357002231264,0.7454525063854056,0.8286188940608472,12.5,False,False,0.7130543444021525
178,B,期待値≥0.8・最大20点,オッズ≤50 / 自信conf10≥q90,True,2277,764,0.8459110473457676,0.7799648386216615,0.9118572560698737,1549,516,0.7583287880440711,0.6892367785361293,0.8274207975520129,10.449999809265137,False,False,0.6870458819679285
179,B,期待値≥0.8・最大20点,オッズ≤100 / 自信conf10≥qNone,True,22755,6241,0.7757903308422753,0.7546987387812931,0.7968819229032575,14169,4044,0.7850059956267194,0.7583577065493403,0.8116542847040984,22.399999618530273,False,False,0.7112154320378078
180,B,期待値≥0.8・最大20点,オッズ≤100 / 自信conf10≥q70,True,6827,2319,0.7741086614173228,0.7368551455596021,0.8113621772750436,4834,1661,0.7638529851402445,0.7201923800855867,0.8075135901949022,14.0,False,False,0.6920508045370615
181,B,期待値≥0.8・最大20点,オッズ≤100 / 自信conf10≥q90,True,2277,829,0.8026062674526838,0.7351383071491217,0.870074227756246,1549,563,0.7531640857653366,0.674953508957834,0.8313746625728391,11.199999809265137,False,False,0.682366661703395
182,B,期待値≥0.8・最大20点,オッズ≤inf / 自信conf10≥qNone,True,22755,6363,0.769484841212703,0.7475754328535086,0.7913942495718974,14169,4116,0.7765470273061778,0.7488596861944588,0.8042343684178968,22.899999618530273,False,False,0.7035516067393971
183,B,期待値≥0.8・最大20点,オッズ≤inf / 自信conf10≥q70,True,6827,2374,0.7662638936242755,0.7254739800583285,0.8070538071902225,4834,1693,0.7515838760645882,0.7038065792820626,0.7993611728471138,14.399999618530273,False,False,0.680934991714517
184,B,期待値≥0.8・最大20点,オッズ≤inf / 自信conf10≥q90,True,2277,845,0.7348237065540173,0.6669508701154911,0.8026965429925434,1549,579,0.7694969521581183,0.6712537801343053,0.8677401241819314,11.399999618530273,False,False,0.6971642386552552
185,B,期待値≥1.0・最大1点,オッズ≤20 / 自信conf10≥qNone,True,9597,567,0.8098885068250495,0.7428444084563253,0.8769326051937738,6344,384,0.7984237074401009,0.7175663123680551,0.8792811025121468,13.600000381469727,False,False,0.7233718789407315
186,B,期待値≥1.0・最大1点,オッズ≤20 / 自信conf10≥q70,True,4614,307,0.8180320762895535,0.7255652594377452,0.9104988931413619,3343,213,0.7559377804367334,0.6524494510543797,0.8594261098190872,11.800000190734863,False,False,0.6848796290756806
187,B,期待値≥1.0・最大1点,オッズ≤20 / 自信conf10≥q90,True,1674,118,0.8210872162485066,0.6707655933443556,0.9714088391526575,1157,73,0.7024200518582541,0.5371306006526898,0.8677095030638183,11.100000381469727,False,False,0.6363925669835782
188,B,期待値≥1.0・最大1点,オッズ≤50 / 自信conf10≥qNone,True,21191,555,0.7449955169647492,0.6785474491859327,0.8114435847435657,13353,388,0.8532689283307122,0.7631684703492022,0.9433693863122222,29.100000381469727,False,False,0.7730616490676253
189,B,期待値≥1.0・最大1点,オッズ≤50 / 自信conf10≥q70,True,6476,201,0.6731161210623842,0.5694186142626166,0.7768136278621517,4626,154,0.798508430609598,0.6594697523977503,0.9375471088214457,20.299999237060547,False,False,0.7234486381322958
190,B,期待値≥1.0・最大1点,オッズ≤50 / 自信conf10≥q90,True,2144,83,0.7307369402985074,0.5545675241274731,0.9069063564695418,1471,49,0.6390210740992522,0.43365297480203313,0.8443891733964713,15.75,False,False,0.5789530931339225
191,B,期待値≥1.0・最大1点,オッズ≤100 / 自信conf10≥qNone,True,22675,335,0.6810496141124587,0.5979149545607433,0.7641842736641741,14114,238,0.7378135184922772,0.6335581999815968,0.8420688370029575,41.099998474121094,False,False,0.6684590477540031
192,B,期待値≥1.0・最大1点,オッズ≤100 / 自信conf10≥q70,True,6783,124,0.6024178092289547,0.4723426463518827,0.7324929721060267,4804,94,0.7094920899250624,0.5440290006878439,0.8749551791622809,28.800000190734863,False,False,0.6427998334721066
193,B,期待値≥1.0・最大1点,オッズ≤100 / 自信conf10≥q90,True,2251,47,0.5464682363394047,0.3497334833617586,0.7432029893170508,1533,36,0.8124592302674495,0.4866701494212621,1.138248311113637,18.799999237060547,False,False,0.7360880626223093
194,B,期待値≥1.0・最大1点,オッズ≤inf / 自信conf10≥qNone,True,22718,266,0.7227000616251431,0.6194967055054226,0.8259034177448636,14146,179,0.7463947405627033,0.6104827013482946,0.8823067797771119,52.5,False,False,0.6762336349498091
195,B,期待値≥1.0・最大1点,オッズ≤inf / 自信conf10≥q70,True,6811,98,0.7504331228894435,0.5581740705952764,0.9426921751836107,4824,63,0.720169983416252,0.46687358984045557,0.9734663769920485,37.099998474121094,False,False,0.6524740049751244
196,B,期待値≥1.0・最大1点,オッズ≤inf / 自信conf10≥q90,True,2268,31,0.5835978835978836,0.297697058929897,0.8694987082658701,1545,27,1.1227831715210357,0.4857467124271633,1.759819630614908,31.049999237060547,False,False,1.0172415533980583
197,B,期待値≥1.0・最大3点,オッズ≤20 / 自信conf10≥qNone,True,9597,817,0.781696204348138,0.7286984348805539,0.8346939738157222,6344,601,0.8339991408934708,0.7678946273076339,0.9001036544793077,13.199999809265137,False,False,0.7556032216494846
198,B,期待値≥1.0・最大3点,オッズ≤20 / 自信conf10≥q70,True,4614,481,0.801667585446527,0.7312595843576859,0.8720755865353682,3343,366,0.8137708649468892,0.73114186861883,0.8963998612749484,11.5,False,False,0.7372764036418816
199,B,期待値≥1.0・最大3点,オッズ≤20 / 自信conf10≥q90,True,1674,187,0.7909225639125602,0.6787701350476909,0.9030749927774295,1157,146,0.8569978632478632,0.7205602336201393,0.9934354928755871,10.899999618530273,False,False,0.776440064102564
200,B,期待値≥1.0・最大3点,オッズ≤50 / 自信conf10≥qNone,True,21191,1596,0.789928955453149,0.7487237182864455,0.8311341926198526,13353,1063,0.7974186609303576,0.7463178837302935,0.8485194381304217,25.0,False,False,0.722461306802904
201,B,期待値≥1.0・最大3点,オッズ≤50 / 自信conf10≥q70,True,6476,620,0.781885014137606,0.7142301032239826,0.8495399250512294,4626,446,0.7551824567414768,0.6783441858278912,0.8320207276550623,16.550000190734863,False,False,0.684195305807778
202,B,期待値≥1.0・最大3点,オッズ≤50 / 自信conf10≥q90,True,2144,233,0.8049757986447241,0.6892367344303812,0.920714862859067,1471,141,0.6418649695628112,0.5229166657362205,0.760813273389402,13.800000190734863,False,False,0.581529662423907
203,B,期待値≥1.0・最大3点,オッズ≤100 / 自信conf10≥qNone,True,22675,1175,0.7153605252806439,0.6687602819750154,0.7619607685862724,14114,867,0.792603758904909,0.7325233849919491,0.8526841328178688,35.0,False,False,0.7180990055678476
204,B,期待値≥1.0・最大3点,オッズ≤100 / 自信conf10≥q70,True,6783,457,0.7185116470830757,0.6387708385711074,0.798252455595044,4804,365,0.7648911465892598,0.6709195519549322,0.8588627412235874,22.75,False,False,0.6929913788098694
205,B,期待値≥1.0・最大3点,オッズ≤100 / 自信conf10≥q90,True,2251,178,0.7231099110546378,0.5902487777363568,0.8559710443729189,1533,131,0.7413119330076762,0.5786113707793376,0.9040124952360148,17.399999618530273,False,False,0.6716286113049547
206,B,期待値≥1.0・最大3点,オッズ≤inf / 自信conf10≥qNone,True,22718,973,0.718417371115609,0.6638789529585989,0.7729557892726191,14146,682,0.7679192479728275,0.6975476038226526,0.8382908921230025,39.79999923706055,False,False,0.6957348386633817
207,B,期待値≥1.0・最大3点,オッズ≤inf / 自信conf10≥q70,True,6811,338,0.7003383252898154,0.5975643948133751,0.8031122557662558,4824,270,0.7764189379039056,0.649042081439215,0.9037957943685961,27.199999809265137,False,False,0.7034355577409385
208,B,期待値≥1.0・最大3点,オッズ≤inf / 自信conf10≥q90,True,2268,124,0.6205193635544881,0.4673983650557645,0.7736403620532117,1545,90,0.9091268968550693,0.6241116442690664,1.1941421494410722,20.800000190734863,False,False,0.8236689685506928
209,B,期待値≥1.0・最大5点,オッズ≤20 / 自信conf10≥qNone,True,9597,829,0.7816500106315118,0.7290892533989339,0.8342107678640898,6344,612,0.8370162230940515,0.7714308072812401,0.902601638906863,13.100000381469727,False,False,0.7583366981232107
210,B,期待値≥1.0・最大5点,オッズ≤20 / 自信conf10≥q70,True,4614,493,0.8042573320719016,0.7346996834077703,0.873814980736033,3343,375,0.8161458333333333,0.7345815241261835,0.8977101425404832,11.399999618530273,False,False,0.739428125
211,B,期待値≥1.0・最大5点,オッズ≤20 / 自信conf10≥q90,True,1674,194,0.8014471780028943,0.690444821915484,0.9124495340903047,1157,151,0.8722309711286089,0.7367143695081463,1.0077475727490715,10.899999618530273,False,False,0.7902412598425197
212,B,期待値≥1.0・最大5点,オッズ≤50 / 自信conf10≥qNone,True,21191,2041,0.7907280060577027,0.7546648149168191,0.8267911971985862,13353,1421,0.8154258982213674,0.7708493705562798,0.8600024258864549,23.700000762939453,False,False,0.7387758637885589
213,B,期待値≥1.0・最大5点,オッズ≤50 / 自信conf10≥q70,True,6476,779,0.7868281643779252,0.7268885482928701,0.8467677804629804,4626,592,0.7706797593527419,0.7036832274454953,0.8376762912599885,15.800000190734863,False,False,0.6982358619735842
214,B,期待値≥1.0・最大5点,オッズ≤50 / 自信conf10≥q90,True,2144,277,0.8011038961038961,0.6960525175433672,0.906155274664425,1471,193,0.6884916974169741,0.5823077861706454,0.7946756086633029,13.449999809265137,False,False,0.6237734778597785
215,B,期待値≥1.0・最大5点,オッズ≤100 / 自信conf10≥qNone,True,22675,2025,0.7462880801573107,0.7094159736904472,0.7831601866241743,14114,1418,0.7935791389882473,0.7464693984711425,0.8406888795053521,31.200000762939453,False,False,0.7189826999233521
216,B,期待値≥1.0・最大5点,オッズ≤100 / 自信conf10≥q70,True,6783,772,0.7599663405911433,0.6953995014839754,0.8245331796983112,4804,579,0.7411114946496375,0.6685633972490216,0.8136595920502535,19.799999237060547,False,False,0.6714470141525717
217,B,期待値≥1.0・最大5点,オッズ≤100 / 自信conf10≥q90,True,2251,287,0.7966707906872118,0.681191024099143,0.9121505572752806,1533,193,0.7142998027613412,0.5853715413092273,0.8432280642134551,15.199999809265137,False,False,0.6471556213017752
218,B,期待値≥1.0・最大5点,オッズ≤inf / 自信conf10≥qNone,True,22718,1794,0.7341003082938566,0.6933845286209915,0.7748160879667217,14146,1244,0.778414364138182,0.7259271650549473,0.8309015632214167,34.900001525878906,False,False,0.7052434139091929
219,B,期待値≥1.0・最大5点,オッズ≤inf / 自信conf10≥q70,True,6811,662,0.7406959392958059,0.664332480749487,0.8170593978421248,4824,483,0.7224652622142537,0.6329220024102689,0.8120085220182385,22.600000381469727,False,False,0.6545535275661138
220,B,期待値≥1.0・最大5点,オッズ≤inf / 自信conf10≥q90,True,2268,231,0.6641201468031679,0.5449543515850216,0.7832859420213142,1545,160,0.7887976207336072,0.5949247061927828,0.9826705352744315,18.100000381469727,False,False,0.7146506443846481
221,B,期待値≥1.0・最大10点,オッズ≤20 / 自信conf10≥qNone,True,9597,829,0.7815392247183048,0.7289834603106814,0.8340949891259283,6344,612,0.8370162230940515,0.7714308072812401,0.902601638906863,13.100000381469727,False,False,0.7583366981232107
222,B,期待値≥1.0・最大10点,オッズ≤20 / 自信conf10≥q70,True,4614,493,0.8040399945953249,0.7344939633779742,0.8735860258126756,3343,375,0.8161458333333333,0.7345815241261835,0.8977101425404832,11.399999618530273,False,False,0.739428125
223,B,期待値≥1.0・最大10点,オッズ≤20 / 自信conf10≥q90,True,1674,194,0.8008676789587853,0.6899138500315981,0.9118215078859725,1157,151,0.8722309711286089,0.7367143695081463,1.0077475727490715,10.899999618530273,False,False,0.7902412598425197
224,B,期待値≥1.0・最大10点,オッズ≤50 / 自信conf10≥qNone,True,21191,2141,0.7882760341007469,0.7534026619401226,0.8231494062613711,13353,1505,0.8140962638842141,0.7711858964051239,0.8570066313633042,23.700000762939453,False,False,0.737571215079098
225,B,期待値≥1.0・最大10点,オッズ≤50 / 自信conf10≥q70,True,6476,807,0.790153999006458,0.7313235525697105,0.8489844454432055,4626,611,0.760811170212766,0.6958940580147144,0.8257282824108176,15.849999904632568,False,False,0.6892949202127661
226,B,期待値≥1.0・最大10点,オッズ≤50 / 自信conf10≥q90,True,2144,284,0.8150341324019685,0.7099967529561594,0.9200715118477777,1471,199,0.6836109860423233,0.5798347019029427,0.7873872701817038,13.5,False,False,0.6193515533543449
227,B,期待値≥1.0・最大10点,オッズ≤100 / 自信conf10≥qNone,True,22675,2803,0.751388480475318,0.7204253930151674,0.7823515679354687,14114,1896,0.7831709564469562,0.7436223787914452,0.8227195341024672,29.700000762939453,False,False,0.7095528865409424
228,B,期待値≥1.0・最大10点,オッズ≤100 / 自信conf10≥q70,True,6783,952,0.7554623322711725,0.6980724633496757,0.8128522011926694,4804,709,0.7394436022452575,0.6740435004896832,0.8048437040008318,19.200000762939453,False,False,0.6699359036342033
229,B,期待値≥1.0・最大10点,オッズ≤100 / 自信conf10≥q90,True,2251,324,0.7843294677371394,0.6786883719342264,0.8899705635400524,1533,227,0.7123196768609348,0.5932180127233504,0.8314213409985192,14.899999618530273,False,False,0.645361627236007
230,B,期待値≥1.0・最大10点,オッズ≤inf / 自信conf10≥qNone,True,22718,2872,0.7448431709899418,0.7127242020269544,0.7769621399529292,14146,1931,0.7692291126018931,0.7282083841892917,0.8102498410144945,30.600000381469727,False,False,0.6969215760173152
231,B,期待値≥1.0・最大10点,オッズ≤inf / 自信conf10≥q70,True,6811,994,0.7523728178967567,0.6898596110677868,0.8148860247257266,4824,732,0.7266934786944094,0.654405234372253,0.7989817230165658,20.200000762939453,False,False,0.6583842916971349
232,B,期待値≥1.0・最大10点,オッズ≤inf / 自信conf10≥q90,True,2268,335,0.6975840867992766,0.5956808246090654,0.7994873489894879,1545,240,0.7637420605016686,0.6073947502388611,0.9200893707644761,15.5,False,False,0.6919503068145118
233,B,期待値≥1.0・最大20点,オッズ≤20 / 自信conf10≥qNone,True,9597,829,0.7815392247183048,0.7289834603106814,0.8340949891259283,6344,612,0.8370162230940515,0.7714308072812401,0.902601638906863,13.100000381469727,False,False,0.7583366981232107
234,B,期待値≥1.0・最大20点,オッズ≤20 / 自信conf10≥q70,True,4614,493,0.8040399945953249,0.7344939633779742,0.8735860258126756,3343,375,0.8161458333333333,0.7345815241261835,0.8977101425404832,11.399999618530273,False,False,0.739428125
235,B,期待値≥1.0・最大20点,オッズ≤20 / 自信conf10≥q90,True,1674,194,0.8008676789587853,0.6899138500315981,0.9118215078859725,1157,151,0.8722309711286089,0.7367143695081463,1.0077475727490715,10.899999618530273,False,False,0.7902412598425197
236,B,期待値≥1.0・最大20点,オッズ≤50 / 自信conf10≥qNone,True,21191,2141,0.7881256968487765,0.7532586732165343,0.8229927204810188,13353,1505,0.8140049360556428,0.7710991577510403,0.8569107143602454,23.700000762939453,False,False,0.7374884720664124
237,B,期待値≥1.0・最大20点,オッズ≤50 / 自信conf10≥q70,True,6476,807,0.7900755016888535,0.7312486905660183,0.8489023128116888,4626,611,0.760811170212766,0.6958940580147144,0.8257282824108176,15.849999904632568,False,False,0.6892949202127661
238,B,期待値≥1.0・最大20点,オッズ≤50 / 自信conf10≥q90,True,2144,284,0.8147754324710363,0.7097580489039832,0.9197928160380895,1471,199,0.6836109860423233,0.5798347019029427,0.7873872701817038,13.5,False,False,0.6193515533543449
239,B,期待値≥1.0・最大20点,オッズ≤100 / 自信conf10≥qNone,True,22675,2854,0.7540577931496151,0.72336563372296,0.7847499525762701,14114,1921,0.780463170657775,0.7413639991110638,0.8195623422044863,29.700000762939453,False,False,0.7070996326159442
240,B,期待値≥1.0・最大20点,オッズ≤100 / 自信conf10≥q70,True,6783,954,0.7553950746965453,0.6980980520278937,0.812692097365197,4804,710,0.7383395979735251,0.6731208713986055,0.8035583245484447,19.200000762939453,False,False,0.6689356757640138
241,B,期待値≥1.0・最大20点,オッズ≤100 / 自信conf10≥q90,True,2251,324,0.7837856576862123,0.6782059604128616,0.889365354959563,1533,227,0.712114219786559,0.5930511227214689,0.8311773168516491,14.899999618530273,False,False,0.6451754831266224
242,B,期待値≥1.0・最大20点,オッズ≤inf / 自信conf10≥qNone,True,22718,2971,0.7481856126339421,0.7166485351677099,0.7797226901001744,14146,1991,0.7689019710906702,0.7286935176085945,0.8091104245727458,30.5,False,False,0.6966251858081471
243,B,期待値≥1.0・最大20点,オッズ≤inf / 自信conf10≥q70,True,6811,1005,0.7526566125290023,0.6905971898265366,0.814716035231468,4824,740,0.7269096651095467,0.6551319448736591,0.7986873853454343,20.299999237060547,False,False,0.6585801565892493
244,B,期待値≥1.0・最大20点,オッズ≤inf / 自信conf10≥q90,True,2268,338,0.6965953167648327,0.5954162777011204,0.797774355828545,1545,242,0.7697669446226213,0.6136239039445616,0.925909985300681,15.449999809265137,False,False,0.6974088518280949
245,B,期待値≥1.2・最大1点,オッズ≤20 / 自信conf10≥qNone,True,3689,220,0.8647872052046625,0.7511063628908232,0.9784680475185017,2400,132,0.756625,0.6272968800614085,0.8859531199385915,14.600000381469727,False,False,0.68550225
246,B,期待値≥1.2・最大1点,オッズ≤20 / 自信conf10≥q70,True,2100,130,0.8258095238095238,0.684367049279469,0.9672519983395785,1459,77,0.6779986291980808,0.5252021780441926,0.8307950803519691,13.0,False,False,0.6142667580534613
247,B,期待値≥1.2・最大1点,オッズ≤20 / 自信conf10≥q90,True,830,53,0.7933734939759036,0.5804672714290123,1.006279716522795,528,29,0.6929924242424242,0.4381844616945999,0.9478003867902486,12.5,False,False,0.6278511363636364
248,B,期待値≥1.2・最大1点,オッズ≤50 / 自信conf10≥qNone,True,15325,372,0.7337748776508972,0.654768941292779,0.8127808140090155,9764,267,0.859780827529701,0.7523754560633794,0.9671861989960225,32.099998474121094,False,False,0.7789614297419091
249,B,期待値≥1.2・最大1点,オッズ≤50 / 自信conf10≥q70,True,4750,124,0.6293894736842105,0.5073201238939544,0.7514588234744666,3379,102,0.8081385025155371,0.6405643290889617,0.9757126759421125,23.5,False,False,0.7321734832790766
250,B,期待値≥1.2・最大1点,オッズ≤50 / 自信conf10≥q90,True,1536,40,0.5250651041666666,0.34140034848751044,0.7087298598458228,1011,26,0.5687438180019783,0.3292278718422099,0.8082597641617466,17.050000190734863,False,False,0.5152818991097923
251,B,期待値≥1.2・最大1点,オッズ≤100 / 自信conf10≥qNone,True,21001,289,0.6735107852007047,0.586057075584232,0.7609644948171774,12910,214,0.7528195197521301,0.6419569713464774,0.8636820681577828,44.79999923706055,False,False,0.68205448489543
252,B,期待値≥1.2・最大1点,オッズ≤100 / 自信conf10≥q70,True,5990,97,0.580500834724541,0.44014884557769085,0.720852823871391,4165,80,0.7440576230492197,0.5599914604741731,0.9281237856242663,31.0,False,False,0.6741162064825931
253,B,期待値≥1.2・最大1点,オッズ≤100 / 自信conf10≥q90,True,1907,30,0.47577346617724176,0.26101734239063196,0.6905295899638515,1255,27,0.8596812749003984,0.4825114942023158,1.2368510555984809,27.700000762939453,False,False,0.778871235059761
254,B,期待値≥1.2・最大1点,オッズ≤inf / 自信conf10≥qNone,True,21657,237,0.7200397100244724,0.6129428686328584,0.8271365514160864,13432,165,0.7434335914234663,0.6028920098745426,0.88397517297239,54.14999961853027,False,False,0.6735508338296605
255,B,期待値≥1.2・最大1点,オッズ≤inf / 自信conf10≥q70,True,6375,82,0.7439058823529412,0.5413993035157041,0.9464124611901783,4507,57,0.7171067228755269,0.45206630549920207,0.9821471402518518,39.599998474121094,False,False,0.6496986909252274
256,B,期待値≥1.2・最大1点,オッズ≤inf / 自信conf10≥q90,True,2079,21,0.5558922558922559,0.2489607894204055,0.8628237223641062,1428,23,1.1404761904761904,0.4590118354441095,1.8219405455082713,46.69999885559082,False,False,1.0332714285714286
257,B,期待値≥1.2・最大3点,オッズ≤20 / 自信conf10≥qNone,True,3689,269,0.859995472039846,0.7585120771157408,0.9614788669639514,2400,158,0.7466049382716049,0.6309031663253706,0.8623067102178392,14.300000190734863,False,False,0.676424074074074
258,B,期待値≥1.2・最大3点,オッズ≤20 / 自信conf10≥q70,True,2100,171,0.8539253048780487,0.7284421820046072,0.9794084277514903,1459,97,0.6837690631808279,0.5479517441082704,0.8195863822533853,12.800000190734863,False,False,0.6194947712418301
259,B,期待値≥1.2・最大3点,オッズ≤20 / 自信conf10≥q90,True,830,74,0.8831702544031311,0.6878165840503669,1.0785239247558953,528,41,0.7868852459016393,0.5470457802608794,1.0267247115423994,12.100000381469727,False,False,0.7129180327868853
260,B,期待値≥1.2・最大3点,オッズ≤50 / 自信conf10≥qNone,True,15325,752,0.7413735462531564,0.6851570134577745,0.7975900790485384,9764,510,0.7926763210258678,0.7205621153825058,0.8647905266692298,28.100000381469727,False,False,0.7181647468494363
261,B,期待値≥1.2・最大3点,オッズ≤50 / 自信conf10≥q70,True,4750,274,0.6946550724637681,0.6041469803244041,0.7851631646031322,3379,194,0.7376631853785901,0.6257714676088004,0.8495549031483798,18.949999809265137,False,False,0.6683228459530026
262,B,期待値≥1.2・最大3点,オッズ≤50 / 自信conf10≥q90,True,1536,101,0.6873504893077201,0.5366129451815067,0.8380880334339336,1011,55,0.581452944413869,0.4141855085474526,0.7487203802802853,15.0,False,False,0.5267963676389653
263,B,期待値≥1.2・最大3点,オッズ≤100 / 自信conf10≥qNone,True,21001,824,0.6936743295019157,0.6404246152804057,0.7469240437234256,12910,583,0.7679276420184069,0.6986037195558117,0.8372515644810021,38.5,False,False,0.6957424436686767
264,B,期待値≥1.2・最大3点,オッズ≤100 / 自信conf10≥q70,True,5990,284,0.7067968920194612,0.6084301453519059,0.8051636386870165,4165,210,0.7263601450821421,0.6133342104908749,0.8393860796734093,27.75,False,False,0.6580822914444208
265,B,期待値≥1.2・最大3点,オッズ≤100 / 自信conf10≥q90,True,1907,97,0.6700310188499164,0.5016113624555869,0.838450675244246,1255,65,0.7499061209162599,0.5292778865120865,0.9705343553204332,19.0,False,False,0.6794149455501315
266,B,期待値≥1.2・最大3点,オッズ≤inf / 自信conf10≥qNone,True,21657,750,0.7128157026228938,0.65198627920674,0.7736451260390477,13432,513,0.7626471759285592,0.6833350353990536,0.8419593164580649,44.79999923706055,False,False,0.6909583413912747
267,B,期待値≥1.2・最大3点,オッズ≤inf / 自信conf10≥q70,True,6375,241,0.7103552623615567,0.5900816023090746,0.8306289224140387,4507,186,0.7749737670514166,0.6253806645108302,0.9245668695920031,34.70000076293945,False,False,0.7021262329485835
268,B,期待値≥1.2・最大3点,オッズ≤inf / 自信conf10≥q90,True,2079,79,0.5817366946778711,0.40298181885049594,0.7604915705052464,1428,61,0.9972640982691234,0.6433020109379686,1.3512261856002783,28.600000381469727,False,False,0.9035212730318258
269,B,期待値≥1.2・最大5点,オッズ≤20 / 自信conf10≥qNone,True,3689,269,0.857471783295711,0.7563134420507989,0.9586301245406232,2400,158,0.7450718685831622,0.6295892774363541,0.8605544597299704,14.300000190734863,False,False,0.675035112936345
270,B,期待値≥1.2・最大5点,オッズ≤20 / 自信conf10≥q70,True,2100,171,0.8503605313092979,0.7254843472834966,0.9752367153350991,1459,97,0.6815418023887079,0.5461376916170895,0.8169459131603263,12.800000190734863,False,False,0.6174768729641693
271,B,期待値≥1.2・最大5点,オッズ≤20 / 自信conf10≥q90,True,830,74,0.8788704965920155,0.6845483468391246,1.0731926463449066,528,41,0.7845468053491828,0.5452685926826895,1.023825018015676,12.100000381469727,False,False,0.7107994056463596
272,B,期待値≥1.2・最大5点,オッズ≤50 / 自信conf10≥qNone,True,15325,823,0.7465995710278832,0.6927273818410391,0.8004717602147273,9764,561,0.7992169907881269,0.7303510265622869,0.8680829550139669,27.799999237060547,False,False,0.724090593654043
273,B,期待値≥1.2・最大5点,オッズ≤50 / 自信conf10≥q70,True,4750,299,0.7044093630919979,0.617110674550826,0.7917080516331697,3379,209,0.7373732718894009,0.6303333412148541,0.8444132025639478,18.700000762939453,False,False,0.6680601843317973
274,B,期待値≥1.2・最大5点,オッズ≤50 / 自信conf10≥q90,True,1536,108,0.7012060647829084,0.5530190344087172,0.8493930951570995,1011,63,0.6211740041928722,0.4565339046872148,0.7858141036985296,15.100000381469727,False,False,0.5627836477987422
275,B,期待値≥1.2・最大5点,オッズ≤100 / 自信conf10≥qNone,True,21001,1138,0.7277140980866242,0.6803723775033321,0.7750558186699164,12910,760,0.7751303350046147,0.7140413275428975,0.8362193424663319,37.599998474121094,False,False,0.7022680835141809
276,B,期待値≥1.2・最大5点,オッズ≤100 / 自信conf10≥q70,True,5990,368,0.7261690157885186,0.6373286155222455,0.8150094160547916,4165,247,0.6774338268281741,0.5796945510895676,0.7751731025667806,25.5,False,False,0.6137550471063258
277,B,期待値≥1.2・最大5点,オッズ≤100 / 自信conf10≥q90,True,1907,127,0.7198689061859893,0.562762563877836,0.8769752484941427,1255,76,0.6962135922330097,0.5043369145027433,0.8880902699632761,18.100000381469727,False,False,0.6307695145631068
278,B,期待値≥1.2・最大5点,オッズ≤inf / 自信conf10≥qNone,True,21657,1118,0.7233200777547676,0.6730638137446096,0.7735763417649256,13432,746,0.7598878215190138,0.6949321482264946,0.824843494811533,41.099998474121094,False,False,0.6884583662962265
279,B,期待値≥1.2・最大5点,オッズ≤inf / 自信conf10≥q70,True,6375,375,0.7511281629670229,0.6499342041894014,0.8523221217446444,4507,249,0.6956854650775685,0.5779083775991268,0.8134625525560101,29.25,False,False,0.6302910313602771
280,B,期待値≥1.2・最大5点,オッズ≤inf / 自信conf10≥q90,True,2079,121,0.6315893108298172,0.47545924627152,0.7877193753881144,1428,79,0.8314470842332613,0.5559935384868062,1.1069006299797164,22.699999809265137,False,False,0.7532910583153347
281,B,期待値≥1.2・最大10点,オッズ≤20 / 自信conf10≥qNone,True,3689,269,0.857471783295711,0.7563134420507989,0.9586301245406232,2400,158,0.7450718685831622,0.6295892774363541,0.8605544597299704,14.300000190734863,False,False,0.675035112936345
282,B,期待値≥1.2・最大10点,オッズ≤20 / 自信conf10≥q70,True,2100,171,0.8503605313092979,0.7254843472834966,0.9752367153350991,1459,97,0.6815418023887079,0.5461376916170895,0.8169459131603263,12.800000190734863,False,False,0.6174768729641693
283,B,期待値≥1.2・最大10点,オッズ≤20 / 自信conf10≥q90,True,830,74,0.8788704965920155,0.6845483468391246,1.0731926463449066,528,41,0.7845468053491828,0.5452685926826895,1.023825018015676,12.100000381469727,False,False,0.7107994056463596
284,B,期待値≥1.2・最大10点,オッズ≤50 / 自信conf10≥qNone,True,15325,836,0.7537709634182223,0.6999572500860971,0.8075846767503474,9764,564,0.796150534366611,0.7278246761991173,0.8644763925341047,27.899999618530273,False,False,0.7213123841361496
285,B,期待値≥1.2・最大10点,オッズ≤50 / 自信conf10≥q70,True,4750,303,0.7148272500812304,0.627034567034185,0.8026199331282757,3379,209,0.7326465201465201,0.6262730443713925,0.8390199959216477,18.75,False,False,0.6637777472527472
286,B,期待値≥1.2・最大10点,オッズ≤50 / 自信conf10≥q90,True,1536,109,0.7126673532440783,0.5630234623760891,0.8623112441120674,1011,63,0.6201988487702773,0.4558535709593578,0.7845441265811968,15.100000381469727,False,False,0.5619001569858713
287,B,期待値≥1.2・最大10点,オッズ≤100 / 自信conf10≥qNone,True,21001,1270,0.731978231292517,0.6871769341635907,0.7767795284214434,12910,827,0.7719295037373991,0.7138920589171436,0.8299669485576546,37.099998474121094,False,False,0.6993681303860836
288,B,期待値≥1.2・最大10点,オッズ≤100 / 自信conf10≥q70,True,5990,387,0.7332109771019053,0.645858791007224,0.8205631631965866,4165,256,0.682482508421871,0.5854268105267477,0.7795382063169942,25.5,False,False,0.6183291526302152
289,B,期待値≥1.2・最大10点,オッズ≤100 / 自信conf10≥q90,True,1907,131,0.7226709316273491,0.5682019930546391,0.877139870200059,1255,79,0.7184202211690364,0.5234202768972737,0.9134201654407991,18.100000381469727,False,False,0.6508887203791469
290,B,期待値≥1.2・最大10点,オッズ≤inf / 自信conf10≥qNone,True,21657,1371,0.7322748035015425,0.686687007078356,0.7778625999247291,13432,891,0.7597097668351541,0.7008499959234562,0.818569537746852,39.5,False,False,0.6882970487526496
291,B,期待値≥1.2・最大10点,オッズ≤inf / 自信conf10≥q70,True,6375,431,0.75327852004111,0.6587997452564828,0.8477572948257371,4507,281,0.6847197924835615,0.5753893265698766,0.7940502583972464,28.300000190734863,False,False,0.6203561319901068
292,B,期待値≥1.2・最大10点,オッズ≤inf / 自信conf10≥q90,True,2079,143,0.6575209977093408,0.508848972539197,0.8061930228794846,1428,91,0.8251681836169371,0.5671114311709436,1.0832249360629307,20.699999809265137,False,False,0.7476023743569451
293,B,期待値≥1.2・最大20点,オッズ≤20 / 自信conf10≥qNone,True,3689,269,0.857471783295711,0.7563134420507989,0.9586301245406232,2400,158,0.7450718685831622,0.6295892774363541,0.8605544597299704,14.300000190734863,False,False,0.675035112936345
294,B,期待値≥1.2・最大20点,オッズ≤20 / 自信conf10≥q70,True,2100,171,0.8503605313092979,0.7254843472834966,0.9752367153350991,1459,97,0.6815418023887079,0.5461376916170895,0.8169459131603263,12.800000190734863,False,False,0.6174768729641693
295,B,期待値≥1.2・最大20点,オッズ≤20 / 自信conf10≥q90,True,830,74,0.8788704965920155,0.6845483468391246,1.0731926463449066,528,41,0.7845468053491828,0.5452685926826895,1.023825018015676,12.100000381469727,False,False,0.7107994056463596
296,B,期待値≥1.2・最大20点,オッズ≤50 / 自信conf10≥qNone,True,15325,836,0.7537709634182223,0.6999572500860971,0.8075846767503474,9764,564,0.796150534366611,0.7278246761991173,0.8644763925341047,27.899999618530273,False,False,0.7213123841361496
297,B,期待値≥1.2・最大20点,オッズ≤50 / 自信conf10≥q70,True,4750,303,0.7148272500812304,0.627034567034185,0.8026199331282757,3379,209,0.7326465201465201,0.6262730443713925,0.8390199959216477,18.75,False,False,0.6637777472527472
298,B,期待値≥1.2・最大20点,オッズ≤50 / 自信conf10≥q90,True,1536,109,0.7126673532440783,0.5630234623760891,0.8623112441120674,1011,63,0.6201988487702773,0.4558535709593578,0.7845441265811968,15.100000381469727,False,False,0.5619001569858713
299,B,期待値≥1.2・最大20点,オッズ≤100 / 自信conf10≥qNone,True,21001,1279,0.7348822060579742,0.6901087380498504,0.7796556740660979,12910,828,0.7714148790506618,0.713458937698554,0.8293708204027695,37.0,False,False,0.6989018804198995
300,B,期待値≥1.2・最大20点,オッズ≤100 / 自信conf10≥q70,True,5990,389,0.7358091576371898,0.6484231169483827,0.8231951983259969,4165,256,0.6823056994818653,0.5852704094557974,0.7793409895079331,25.5,False,False,0.61816896373057
301,B,期待値≥1.2・最大20点,オッズ≤100 / 自信conf10≥q90,True,1907,131,0.7226709316273491,0.5682019930546391,0.877139870200059,1255,79,0.7184202211690364,0.5234202768972737,0.9134201654407991,18.100000381469727,False,False,0.6508887203791469
302,B,期待値≥1.2・最大20点,オッズ≤inf / 自信conf10≥qNone,True,21657,1389,0.7353367752270242,0.6899368200438326,0.7807367304102159,13432,894,0.7581120997082238,0.6995157122699157,0.8167084871465319,39.5,False,False,0.6868495623356508
303,B,期待値≥1.2・最大20点,オッズ≤inf / 自信conf10≥q70,True,6375,433,0.7540864496531341,0.6597539832556978,0.8484189160505704,4507,282,0.688956464141627,0.5793923075885783,0.7985206206946758,28.5,False,False,0.6241945565123141
304,B,期待値≥1.2・最大20点,オッズ≤inf / 自信conf10≥q90,True,2079,143,0.6570193285859613,0.5084643084035017,0.805574348768421,1428,92,0.8424871490707789,0.5827750114945751,1.1021992866469827,21.0,False,False,0.7632933570581257
305,B,期待値≥1.5・最大1点,オッズ≤20 / 自信conf10≥qNone,True,634,32,0.7545741324921136,0.49540587034709993,1.0137423946371271,450,25,0.8493333333333334,0.5195138016872984,1.1791528649793683,15.199999809265137,False,False,0.7694960000000001
306,B,期待値≥1.5・最大1点,オッズ≤20 / 自信conf10≥q70,True,425,20,0.6943529411764706,0.39175276533466047,0.9969531170182808,317,14,0.683596214511041,0.3261997099273516,1.0409927190947306,15.150000095367432,False,False,0.6193381703470032
307,B,期待値≥1.5・最大1点,オッズ≤20 / 自信conf10≥q90,True,181,9,0.6972375690607735,0.24441685266156937,1.1500582854599777,120,5,0.725,0.1008903172429455,1.3491096827570543,15.699999809265137,False,False,0.65685
308,B,期待値≥1.5・最大1点,オッズ≤50 / 自信conf10≥qNone,True,6167,118,0.6577752553916004,0.5339908757225438,0.7815596350606571,3876,102,0.9025025799793601,0.7216209934557658,1.0833841665029544,36.099998474121094,False,False,0.8176673374613003
309,B,期待値≥1.5・最大1点,オッズ≤50 / 自信conf10≥q70,True,1891,42,0.6226864093072448,0.4230585463910906,0.8223142722233991,1242,35,0.8491143317230274,0.5515836048653358,1.146645058580719,28.0,False,False,0.7692975845410629
310,B,期待値≥1.5・最大1点,オッズ≤50 / 自信conf10≥q90,True,612,11,0.4308823529411765,0.16156502241104526,0.7001996834713078,368,8,0.5834239130434783,0.15881454882657736,1.0080332772603793,20.399999618530273,False,False,0.5285820652173914
311,B,期待値≥1.5・最大1点,オッズ≤100 / 自信conf10≥qNone,True,13263,151,0.636469878609666,0.5254763634144728,0.7474633938048592,7678,123,0.8230789268038552,0.665883871361761,0.9802739822459494,51.75,False,False,0.7457095076842928
312,B,期待値≥1.5・最大1点,オッズ≤100 / 自信conf10≥q70,True,3236,45,0.6198702101359703,0.410934590670021,0.8288058296019196,2021,38,0.8413656605640772,0.545421133449894,1.1373101876782605,40.79999923706055,False,False,0.762277288471054
313,B,期待値≥1.5・最大1点,オッズ≤100 / 自信conf10≥q90,True,949,11,0.35742887249736566,0.11691708864896469,0.5979406563457667,566,13,1.211660777385159,0.4967467526683189,1.9265748021019993,37.75,False,False,1.0977646643109542
314,B,期待値≥1.5・最大1点,オッズ≤inf / 自信conf10≥qNone,True,16007,141,0.6862747547947773,0.558145436147772,0.8144040734417826,9629,106,0.7855540554574723,0.60715292939638,0.9639551815185645,69.80000305175781,False,False,0.7117119742444699
315,B,期待値≥1.5・最大1点,オッズ≤inf / 自信conf10≥q70,True,4339,44,0.6858723208112468,0.4414027026685868,0.9303419389539069,2924,33,0.7792749658002736,0.4188283267622956,1.1397216048382515,52.599998474121094,False,False,0.7060231190150479
316,B,期待値≥1.5・最大1点,オッズ≤inf / 自信conf10≥q90,True,1388,10,0.40634005763688763,0.07254123977101756,0.7401388755027577,901,13,1.2083240843507215,0.28928655510974166,2.1273616135917015,52.599998474121094,False,False,1.0947416204217537
317,B,期待値≥1.5・最大3点,オッズ≤20 / 自信conf10≥qNone,True,634,38,0.8392909896602658,0.5782210411075827,1.100360938212949,450,28,0.8673640167364016,0.5504817530334762,1.184246280439327,15.100000381469727,False,False,0.7858317991631799
318,B,期待値≥1.5・最大3点,オッズ≤20 / 自信conf10≥q70,True,425,26,0.8313174946004319,0.5196256577888796,1.1430093314119842,317,17,0.7304985337243401,0.38519423311371154,1.0758028343349688,15.0,False,False,0.6618316715542522
319,B,期待値≥1.5・最大3点,オッズ≤20 / 自信conf10≥q90,True,181,14,0.9761194029850746,0.4887593813809462,1.4634794245892029,120,8,0.8977443609022556,0.2908664468183735,1.5046222749861378,14.700000286102295,False,False,0.8133563909774436
320,B,期待値≥1.5・最大3点,オッズ≤50 / 自信conf10≥qNone,True,6167,175,0.6599360113757554,0.5567551346413036,0.7631168881102073,3876,135,0.8009116279069768,0.6603902217992341,0.9414330340147194,34.900001525878906,False,False,0.725625934883721
321,B,期待値≥1.5・最大3点,オッズ≤50 / 自信conf10≥q70,True,1891,63,0.6400553578489522,0.4700933539178175,0.8100173617800869,1242,53,0.8642441860465117,0.6194215508522032,1.1090668212408201,25.600000381469727,False,False,0.7830052325581396
322,B,期待値≥1.5・最大3点,オッズ≤50 / 自信conf10≥q90,True,612,22,0.5519159456118665,0.3038410720348388,0.7999908191888943,368,14,0.6318271119842829,0.2807855374217169,0.9828686865468488,18.550000190734863,False,False,0.5724353634577602
323,B,期待値≥1.5・最大3点,オッズ≤100 / 自信conf10≥qNone,True,13263,284,0.6070276069822144,0.5297808531282371,0.6842743608361916,7678,220,0.7730630500649257,0.6618119401045491,0.8843141600253023,47.70000076293945,False,False,0.7003951233588227
324,B,期待値≥1.5・最大3点,オッズ≤100 / 自信conf10≥q70,True,3236,85,0.6597785285285285,0.4982975386480844,0.8212595184089726,2021,65,0.7417443609022556,0.5404074197967074,0.9430813020078038,36.349998474121094,False,False,0.6720203909774436
325,B,期待値≥1.5・最大3点,オッズ≤100 / 自信conf10≥q90,True,949,24,0.48520942408376966,0.25490332208260136,0.715515526084938,566,20,0.8944201312910285,0.4412003068920842,1.3476399556899727,28.600000381469727,False,False,0.8103446389496718
326,B,期待値≥1.5・最大3点,オッズ≤inf / 自信conf10≥qNone,True,16007,327,0.6842870739396824,0.5979977180061398,0.7705764298732249,9629,235,0.7678932470683381,0.6523572142425751,0.883429279894101,57.94999885559082,False,False,0.6957112818439143
327,B,期待値≥1.5・最大3点,オッズ≤inf / 自信conf10≥q70,True,4339,97,0.7336633663366336,0.5443634225166462,0.9229633101566211,2924,70,0.7297321113852662,0.5004150270791987,0.9590491956913336,43.29999923706055,False,False,0.6611372929150512
328,B,期待値≥1.5・最大3点,オッズ≤inf / 自信conf10≥q90,True,1388,25,0.4889367816091954,0.22481869798999266,0.7530548652283982,901,22,1.032524552281918,0.45121835073316785,1.6138307538306682,39.599998474121094,False,False,0.9354672443674177
329,B,期待値≥1.5・最大5点,オッズ≤20 / 自信conf10≥qNone,True,634,38,0.8392909896602658,0.5782210411075827,1.100360938212949,450,28,0.8673640167364016,0.5504817530334762,1.184246280439327,15.100000381469727,False,False,0.7858317991631799
330,B,期待値≥1.5・最大5点,オッズ≤20 / 自信conf10≥q70,True,425,26,0.8313174946004319,0.5196256577888796,1.1430093314119842,317,17,0.7304985337243401,0.38519423311371154,1.0758028343349688,15.0,False,False,0.6618316715542522
331,B,期待値≥1.5・最大5点,オッズ≤20 / 自信conf10≥q90,True,181,14,0.9761194029850746,0.4887593813809462,1.4634794245892029,120,8,0.8977443609022556,0.2908664468183735,1.5046222749861378,14.700000286102295,False,False,0.8133563909774436
332,B,期待値≥1.5・最大5点,オッズ≤50 / 自信conf10≥qNone,True,6167,178,0.6527900488258545,0.5513784701852177,0.7542016274664912,3876,139,0.8121606749816581,0.6723184688152978,0.9520028811480185,34.900001525878906,False,False,0.7358175715333822
333,B,期待値≥1.5・最大5点,オッズ≤50 / 自信conf10≥q70,True,1891,65,0.6440234375,0.4755757563274093,0.8124711186725908,1242,54,0.8692881745120551,0.6259352872072245,1.1126410618168856,25.600000381469727,False,False,0.7875750861079219
334,B,期待値≥1.5・最大5点,オッズ≤50 / 自信conf10≥q90,True,612,23,0.5603680981595092,0.31368338912348787,0.8070528071955305,368,14,0.6269005847953216,0.27880218339766155,0.9749989861929818,18.5,False,False,0.5679719298245615
335,B,期待値≥1.5・最大5点,オッズ≤100 / 自信conf10≥qNone,True,13263,330,0.6301222034216958,0.5555461928178325,0.7046982140255591,7678,243,0.7811954509389051,0.674412412587102,0.8879784892907081,47.599998474121094,False,False,0.707763078550648
336,B,期待値≥1.5・最大5点,オッズ≤100 / 自信conf10≥q70,True,3236,97,0.7093655049151028,0.546663722615572,0.8720672872146336,2021,70,0.7439484978540772,0.5486614898528954,0.9392355058552591,35.099998474121094,False,False,0.674017339055794
337,B,期待値≥1.5・最大5点,オッズ≤100 / 自信conf10≥q90,True,949,29,0.5502205419029615,0.3076541269497176,0.7927869568562055,566,21,0.8697478991596639,0.43417653808852813,1.3053192602307997,27.40000057220459,False,False,0.7879915966386555
338,B,期待値≥1.5・最大5点,オッズ≤inf / 自信conf10≥qNone,True,16007,394,0.6819972190620655,0.6039321915147701,0.7600622466093608,9629,270,0.7303099835483592,0.6277672761334127,0.8328526909633057,55.64999961853027,False,False,0.6616608450948135
339,B,期待値≥1.5・最大5点,オッズ≤inf / 自信conf10≥q70,True,4339,116,0.7644306880454638,0.5877670843590702,0.9410942917318573,2924,78,0.6777691107644306,0.47334217773689713,0.882196043791964,44.04999923706055,False,False,0.6140588143525741
340,B,期待値≥1.5・最大5点,オッズ≤inf / 自信conf10≥q90,True,1388,31,0.5492073557387445,0.29063682119900786,0.8077778902784811,901,26,0.9565172591447707,0.43654722780694266,1.4764872904825987,39.599998474121094,False,False,0.8666046367851623
341,B,期待値≥1.5・最大10点,オッズ≤20 / 自信conf10≥qNone,True,634,38,0.8392909896602658,0.5782210411075827,1.100360938212949,450,28,0.8673640167364016,0.5504817530334762,1.184246280439327,15.100000381469727,False,False,0.7858317991631799
342,B,期待値≥1.5・最大10点,オッズ≤20 / 自信conf10≥q70,True,425,26,0.8313174946004319,0.5196256577888796,1.1430093314119842,317,17,0.7304985337243401,0.38519423311371154,1.0758028343349688,15.0,False,False,0.6618316715542522
343,B,期待値≥1.5・最大10点,オッズ≤20 / 自信conf10≥q90,True,181,14,0.9761194029850746,0.4887593813809462,1.4634794245892029,120,8,0.8977443609022556,0.2908664468183735,1.5046222749861378,14.700000286102295,False,False,0.8133563909774436
344,B,期待値≥1.5・最大10点,オッズ≤50 / 自信conf10≥qNone,True,6167,178,0.6520320483046911,0.5507257828069807,0.7533383138024015,3876,139,0.8115652492668621,0.6718100964065602,0.9513204021271641,34.900001525878906,False,False,0.7352781158357771
345,B,期待値≥1.5・最大10点,オッズ≤50 / 自信conf10≥q70,True,1891,65,0.6437719640765326,0.47538203970835735,0.8121618884447078,1242,54,0.8672966781214204,0.6244009669507478,1.110192389292093,25.600000381469727,False,False,0.7857707903780069
346,B,期待値≥1.5・最大10点,オッズ≤50 / 自信conf10≥q90,True,612,23,0.5603680981595092,0.31368338912348787,0.8070528071955305,368,14,0.6269005847953216,0.27880218339766155,0.9749989861929818,18.5,False,False,0.5679719298245615
347,B,期待値≥1.5・最大10点,オッズ≤100 / 自信conf10≥qNone,True,13263,336,0.6297167723853075,0.5558947764397986,0.7035387683308165,7678,244,0.7702419669572005,0.6651849493684333,0.8752989845459677,47.349998474121094,False,False,0.6978392220632237
348,B,期待値≥1.5・最大10点,オッズ≤100 / 自信conf10≥q70,True,3236,97,0.707342719657815,0.545074883929089,0.8696105553865411,2021,70,0.7403473804100228,0.545958754430364,0.9347360063896816,35.099998474121094,False,False,0.6707547266514807
349,B,期待値≥1.5・最大10点,オッズ≤100 / 自信conf10≥q90,True,949,29,0.549528005034613,0.30728203572456253,0.7917739743446635,566,21,0.8688352570828961,0.43368008723344686,1.3039904269323452,27.40000057220459,False,False,0.7871647429171039
350,B,期待値≥1.5・最大10点,オッズ≤inf / 自信conf10≥qNone,True,16007,427,0.6907486553976181,0.6148663717078886,0.7666309390873476,9629,289,0.7339834710743801,0.6345198589297338,0.8334470832190264,54.79999923706055,False,False,0.6649890247933884
351,B,期待値≥1.5・最大10点,オッズ≤inf / 自信conf10≥q70,True,4339,126,0.7887787470261697,0.6129550894620817,0.9646024045902577,2924,82,0.6755403348554033,0.4756319094739692,0.8754487602368375,42.69999885559082,False,False,0.6120395433789955
352,B,期待値≥1.5・最大10点,オッズ≤inf / 自信conf10≥q90,True,1388,36,0.579421821572894,0.3217190401896961,0.8371246029560919,901,27,0.9382412060301507,0.4306652810370585,1.4458171310232428,37.400001525878906,False,False,0.8500465326633165
353,B,期待値≥1.5・最大20点,オッズ≤20 / 自信conf10≥qNone,True,634,38,0.8392909896602658,0.5782210411075827,1.100360938212949,450,28,0.8673640167364016,0.5504817530334762,1.184246280439327,15.100000381469727,False,False,0.7858317991631799
354,B,期待値≥1.5・最大20点,オッズ≤20 / 自信conf10≥q70,True,425,26,0.8313174946004319,0.5196256577888796,1.1430093314119842,317,17,0.7304985337243401,0.38519423311371154,1.0758028343349688,15.0,False,False,0.6618316715542522
355,B,期待値≥1.5・最大20点,オッズ≤20 / 自信conf10≥q90,True,181,14,0.9761194029850746,0.4887593813809462,1.4634794245892029,120,8,0.8977443609022556,0.2908664468183735,1.5046222749861378,14.700000286102295,False,False,0.8133563909774436
356,B,期待値≥1.5・最大20点,オッズ≤50 / 自信conf10≥qNone,True,6167,178,0.6520320483046911,0.5507257828069807,0.7533383138024015,3876,139,0.8115652492668621,0.6718100964065602,0.9513204021271641,34.900001525878906,False,False,0.7352781158357771
357,B,期待値≥1.5・最大20点,オッズ≤50 / 自信conf10≥q70,True,1891,65,0.6437719640765326,0.47538203970835735,0.8121618884447078,1242,54,0.8672966781214204,0.6244009669507478,1.110192389292093,25.600000381469727,False,False,0.7857707903780069
358,B,期待値≥1.5・最大20点,オッズ≤50 / 自信conf10≥q90,True,612,23,0.5603680981595092,0.31368338912348787,0.8070528071955305,368,14,0.6269005847953216,0.27880218339766155,0.9749989861929818,18.5,False,False,0.5679719298245615
359,B,期待値≥1.5・最大20点,オッズ≤100 / 自信conf10≥qNone,True,13263,336,0.6295774647887324,0.5557699520782522,0.7033849774992127,7678,244,0.7702419669572005,0.6651849493684333,0.8752989845459677,47.349998474121094,False,False,0.6978392220632237
360,B,期待値≥1.5・最大20点,オッズ≤100 / 自信conf10≥q70,True,3236,97,0.707342719657815,0.545074883929089,0.8696105553865411,2021,70,0.7403473804100228,0.545958754430364,0.9347360063896816,35.099998474121094,False,False,0.6707547266514807
361,B,期待値≥1.5・最大20点,オッズ≤100 / 自信conf10≥q90,True,949,29,0.549528005034613,0.30728203572456253,0.7917739743446635,566,21,0.8688352570828961,0.43368008723344686,1.3039904269323452,27.40000057220459,False,False,0.7871647429171039
362,B,期待値≥1.5・最大20点,オッズ≤inf / 自信conf10≥qNone,True,16007,428,0.6893544137022398,0.6136465702443227,0.765062257160157,9629,289,0.7333773740710157,0.6339934308111584,0.8327613173308729,54.79999923706055,False,False,0.6644399009083403
363,B,期待値≥1.5・最大20点,オッズ≤inf / 自信conf10≥q70,True,4339,126,0.7884661117717003,0.6127054996652476,0.9642267238781531,2924,82,0.6751292972315182,0.47533288984256594,0.8749257046204704,42.69999885559082,False,False,0.6116671432917554
364,B,期待値≥1.5・最大20点,オッズ≤inf / 自信conf10≥q90,True,1388,36,0.579421821572894,0.3217190401896961,0.8371246029560919,901,27,0.9382412060301507,0.4306652810370585,1.4458171310232428,37.400001525878906,False,False,0.8500465326633165
365,B,期待値≥2.0・最大1点,オッズ≤20 / 自信conf10≥qNone,True,31,1,0.432258064516129,-0.401190794404665,1.2657069234369231,17,2,2.152941176470588,-0.6510590598815877,4.956941412822764,17.799999237060547,False,False,1.950564705882353
366,B,期待値≥2.0・最大1点,オッズ≤20 / 自信conf10≥q70,True,26,1,0.5153846153846153,-0.4751527256287049,1.5059219563979356,17,2,2.152941176470588,-0.6510590598815877,4.956941412822764,17.799999237060547,False,False,1.950564705882353
367,B,期待値≥2.0・最大1点,オッズ≤20 / 自信conf10≥q90,True,9,1,1.488888888888889,-1.2624374075679237,4.2402151853457015,10,2,3.66,-0.8790993362119757,8.199099336211976,17.799999237060547,False,False,3.31596
368,B,期待値≥2.0・最大1点,オッズ≤50 / 自信conf10≥qNone,True,729,12,0.5445816186556928,0.22649021208294434,0.8626730252284411,511,15,1.127788649706458,0.5438333937691803,1.7117439056437358,37.099998474121094,False,False,1.021776516634051
369,B,期待値≥2.0・最大1点,オッズ≤50 / 自信conf10≥q70,True,244,6,0.7475409836065574,0.1328428369169018,1.3622391302962131,180,9,1.6866666666666668,0.5566303895695306,2.816702943763803,33.20000076293945,False,False,1.5281200000000001
370,B,期待値≥2.0・最大1点,オッズ≤50 / 自信conf10≥q90,True,89,3,0.946067415730337,-0.19071482016071362,2.0828496516213875,51,3,1.2607843137254902,-0.15467061632081602,2.6762392437717963,23.25,False,False,1.1422705882352941
371,B,期待値≥2.0・最大1点,オッズ≤100 / 自信conf10≥qNone,True,3173,31,0.6199810904506776,0.3892586973930445,0.8507034835083107,1805,22,0.638005540166205,0.35204035745862255,0.9239707228737875,59.79999923706055,False,False,0.5780330193905818
372,B,期待値≥2.0・最大1点,オッズ≤100 / 自信conf10≥q70,True,626,9,0.7722044728434505,0.22474995837965783,1.319658987307243,424,10,0.9660377358490566,0.30804290004597545,1.6240325716521378,41.79999923706055,False,False,0.8752301886792453
373,B,期待値≥2.0・最大1点,オッズ≤100 / 自信conf10≥q90,True,190,3,0.4431578947368421,-0.09354935514616347,0.9798651446198476,106,4,1.4169811320754717,-0.2981172422869449,3.132079506437888,27.700000762939453,False,False,1.2837849056603774
374,B,期待値≥2.0・最大1点,オッズ≤inf / 自信conf10≥qNone,True,6526,42,0.6696751455715599,0.45029633416443415,0.8890539569786857,3590,26,0.6506128133704735,0.3695982187513824,0.9316274079895646,105.5,False,False,0.589455208913649
375,B,期待値≥2.0・最大1点,オッズ≤inf / 自信conf10≥q70,True,1499,13,0.8571714476317545,0.3416163343512755,1.3727265609122334,967,9,0.6086866597724923,0.11051946422059111,1.1068538553243934,76.35000228881836,False,False,0.551470113753878
376,B,期待値≥2.0・最大1点,オッズ≤inf / 自信conf10≥q90,True,482,4,0.6811203319502075,-0.08652276154037897,1.448763425440794,289,3,0.42387543252595156,-0.18261822556818025,1.0303690906200833,40.79999923706055,False,False,0.3840311418685121
377,B,期待値≥2.0・最大3点,オッズ≤20 / 自信conf10≥qNone,True,31,1,0.432258064516129,-0.401190794404665,1.2657069234369231,17,2,2.152941176470588,-0.6510590598815877,4.956941412822764,17.799999237060547,False,False,1.950564705882353
378,B,期待値≥2.0・最大3点,オッズ≤20 / 自信conf10≥q70,True,26,1,0.5153846153846153,-0.4751527256287049,1.5059219563979356,17,2,2.152941176470588,-0.6510590598815877,4.956941412822764,17.799999237060547,False,False,1.950564705882353
379,B,期待値≥2.0・最大3点,オッズ≤20 / 自信conf10≥q90,True,9,1,1.488888888888889,-1.2624374075679237,4.2402151853457015,10,2,3.66,-0.8790993362119757,8.199099336211976,17.799999237060547,False,False,3.31596
380,B,期待値≥2.0・最大3点,オッズ≤50 / 自信conf10≥qNone,True,729,15,0.5561611374407583,0.259983131707213,0.8523391431743037,511,15,1.0092819614711033,0.4900929906489563,1.5284709322932502,38.349998474121094,False,False,0.9144094570928196
381,B,期待値≥2.0・最大3点,オッズ≤50 / 自信conf10≥q70,True,244,7,0.8125899280575539,0.19649138295432178,1.428688473160786,180,9,1.51044776119403,0.5074631794359783,2.5134323429520817,34.14999961853027,False,False,1.3684656716417911
382,B,期待値≥2.0・最大3点,オッズ≤50 / 自信conf10≥q90,True,89,3,0.8505050505050505,-0.17631141952808294,1.877321520538184,51,3,1.1690909090909092,-0.15153889804233067,2.489720716224149,23.25,False,False,1.0591963636363637
383,B,期待値≥2.0・最大3点,オッズ≤100 / 自信conf10≥qNone,True,3173,39,0.5322617680826636,0.3530832351398107,0.7114403010255164,1805,28,0.6309504467912267,0.3817437495848354,0.8801571439976179,59.70000076293945,False,False,0.5716411047928514
384,B,期待値≥2.0・最大3点,オッズ≤100 / 自信conf10≥q70,True,626,12,0.7384230287859824,0.2842039581961,1.1926420993758649,424,11,0.8380597014925373,0.3002433270786663,1.3758760759064081,40.79999923706055,False,False,0.7592820895522387
385,B,期待値≥2.0・最大3点,オッズ≤100 / 自信conf10≥q90,True,190,3,0.3598290598290598,-0.07762525076907628,0.797283370427196,106,4,1.137878787878788,-0.23372649667654932,2.509484072434125,27.700000762939453,False,False,1.0309181818181818
386,B,期待値≥2.0・最大3点,オッズ≤inf / 自信conf10≥qNone,True,6526,74,0.6983079211602826,0.5184358563746354,0.8781799859459298,3590,48,0.7507928210489633,0.5153984795679758,0.9861871625299508,99.95000076293945,False,False,0.6802182958703608
387,B,期待値≥2.0・最大3点,オッズ≤inf / 自信conf10≥q70,True,1499,23,1.051592082616179,0.528433445694127,1.574750719538231,967,15,0.7436414176511467,0.2744160457106658,1.2128667895916276,76.35000228881836,True,False,0.673739124391939
388,B,期待値≥2.0・最大3点,オッズ≤inf / 自信conf10≥q90,True,482,6,0.7088235294117647,0.009369618621044573,1.408277440202485,289,5,0.7921800947867299,-0.1584148778604283,1.7427750674338882,40.79999923706055,False,False,0.7177151658767773
389,B,期待値≥2.0・最大5点,オッズ≤20 / 自信conf10≥qNone,True,31,1,0.432258064516129,-0.401190794404665,1.2657069234369231,17,2,2.152941176470588,-0.6510590598815877,4.956941412822764,17.799999237060547,False,False,1.950564705882353
390,B,期待値≥2.0・最大5点,オッズ≤20 / 自信conf10≥q70,True,26,1,0.5153846153846153,-0.4751527256287049,1.5059219563979356,17,2,2.152941176470588,-0.6510590598815877,4.956941412822764,17.799999237060547,False,False,1.950564705882353
391,B,期待値≥2.0・最大5点,オッズ≤20 / 自信conf10≥q90,True,9,1,1.488888888888889,-1.2624374075679237,4.2402151853457015,10,2,3.66,-0.8790993362119757,8.199099336211976,17.799999237060547,False,False,3.31596
392,B,期待値≥2.0・最大5点,オッズ≤50 / 自信conf10≥qNone,True,729,15,0.5541912632821724,0.25900449468297,0.8493780318813748,511,15,1.0092819614711033,0.4900929906489563,1.5284709322932502,38.349998474121094,False,False,0.9144094570928196
393,B,期待値≥2.0・最大5点,オッズ≤50 / 自信conf10≥q70,True,244,7,0.8125899280575539,0.19649138295432178,1.428688473160786,180,9,1.51044776119403,0.5074631794359783,2.5134323429520817,34.14999961853027,False,False,1.3684656716417911
394,B,期待値≥2.0・最大5点,オッズ≤50 / 自信conf10≥q90,True,89,3,0.8505050505050505,-0.17631141952808294,1.877321520538184,51,3,1.1690909090909092,-0.15153889804233067,2.489720716224149,23.25,False,False,1.0591963636363637
395,B,期待値≥2.0・最大5点,オッズ≤100 / 自信conf10≥qNone,True,3173,41,0.5518402154398564,0.3707494188800844,0.7329310119996284,1805,28,0.6178997613365155,0.3737062763894574,0.8620932462835735,59.70000076293945,False,False,0.5598171837708831
396,B,期待値≥2.0・最大5点,オッズ≤100 / 自信conf10≥q70,True,626,12,0.7338308457711443,0.28231596561193006,1.1853457259303586,424,11,0.8333951762523191,0.2983724702843261,1.368417882220312,40.79999923706055,False,False,0.7550560296846011
397,B,期待値≥2.0・最大5点,オッズ≤100 / 自信conf10≥q90,True,190,3,0.3598290598290598,-0.07762525076907628,0.797283370427196,106,4,1.137878787878788,-0.23372649667654932,2.509484072434125,27.700000762939453,False,False,1.0309181818181818
398,B,期待値≥2.0・最大5点,オッズ≤inf / 自信conf10≥qNone,True,6526,78,0.6797551870822119,0.5087325014924438,0.8507778726719801,3590,50,0.7366644823066841,0.5099535422174792,0.963375422395889,98.64999771118164,False,False,0.6674180209698558
399,B,期待値≥2.0・最大5点,オッズ≤inf / 自信conf10≥q70,True,1499,24,1.0214462809917355,0.5182769314591278,1.5246156305243432,967,15,0.7230405405405406,0.26666684377946026,1.179414237301621,70.9000015258789,True,False,0.6550747297297298
400,B,期待値≥2.0・最大5点,オッズ≤inf / 自信conf10≥q90,True,482,6,0.6814910025706941,0.008581093031032161,1.354400912110356,289,5,0.7720554272517322,-0.15503810853669486,1.6991489630401593,40.79999923706055,False,False,0.6994822170900693
401,B,期待値≥2.0・最大10点,オッズ≤20 / 自信conf10≥qNone,True,31,1,0.432258064516129,-0.401190794404665,1.2657069234369231,17,2,2.152941176470588,-0.6510590598815877,4.956941412822764,17.799999237060547,False,False,1.950564705882353
402,B,期待値≥2.0・最大10点,オッズ≤20 / 自信conf10≥q70,True,26,1,0.5153846153846153,-0.4751527256287049,1.5059219563979356,17,2,2.152941176470588,-0.6510590598815877,4.956941412822764,17.799999237060547,False,False,1.950564705882353
403,B,期待値≥2.0・最大10点,オッズ≤20 / 自信conf10≥q90,True,9,1,1.488888888888889,-1.2624374075679237,4.2402151853457015,10,2,3.66,-0.8790993362119757,8.199099336211976,17.799999237060547,False,False,3.31596
404,B,期待値≥2.0・最大10点,オッズ≤50 / 自信conf10≥qNone,True,729,15,0.5541912632821724,0.25900449468297,0.8493780318813748,511,15,1.0092819614711033,0.4900929906489563,1.5284709322932502,38.349998474121094,False,False,0.9144094570928196
405,B,期待値≥2.0・最大10点,オッズ≤50 / 自信conf10≥q70,True,244,7,0.8125899280575539,0.19649138295432178,1.428688473160786,180,9,1.51044776119403,0.5074631794359783,2.5134323429520817,34.14999961853027,False,False,1.3684656716417911
406,B,期待値≥2.0・最大10点,オッズ≤50 / 自信conf10≥q90,True,89,3,0.8505050505050505,-0.17631141952808294,1.877321520538184,51,3,1.1690909090909092,-0.15153889804233067,2.489720716224149,23.25,False,False,1.0591963636363637
407,B,期待値≥2.0・最大10点,オッズ≤100 / 自信conf10≥qNone,True,3173,42,0.5520805369127517,0.37152097528049766,0.7326400985450058,1805,28,0.6166732830488288,0.37293784037696975,0.8604087257206879,56.35000038146973,False,False,0.558705994442239
408,B,期待値≥2.0・最大10点,オッズ≤100 / 自信conf10≥q70,True,626,12,0.7338308457711443,0.28231596561193006,1.1853457259303586,424,11,0.8333951762523191,0.2983724702843261,1.368417882220312,40.79999923706055,False,False,0.7550560296846011
409,B,期待値≥2.0・最大10点,オッズ≤100 / 自信conf10≥q90,True,190,3,0.3598290598290598,-0.07762525076907628,0.797283370427196,106,4,1.137878787878788,-0.23372649667654932,2.509484072434125,27.700000762939453,False,False,1.0309181818181818
410,B,期待値≥2.0・最大10点,オッズ≤inf / 自信conf10≥qNone,True,6526,82,0.6930981464081318,0.5230280243480362,0.8631682684682275,3590,50,0.7284302608132188,0.5042407365633391,0.9526197850630985,98.14999771118164,False,False,0.6599578162967763
411,B,期待値≥2.0・最大10点,オッズ≤inf / 自信conf10≥q70,True,1499,24,1.0180807248764414,0.516499109658349,1.5196623400945337,967,15,0.7191532258064516,0.2653166832372748,1.1729897683756283,70.9000015258789,True,False,0.6515528225806452
412,B,期待値≥2.0・最大10点,オッズ≤inf / 自信conf10≥q90,True,482,6,0.6797435897435897,0.00851779235887229,1.3509693871283073,289,5,0.7720554272517322,-0.15503810853669486,1.6991489630401593,40.79999923706055,False,False,0.6994822170900693
413,B,期待値≥2.0・最大20点,オッズ≤20 / 自信conf10≥qNone,True,31,1,0.432258064516129,-0.401190794404665,1.2657069234369231,17,2,2.152941176470588,-0.6510590598815877,4.956941412822764,17.799999237060547,False,False,1.950564705882353
414,B,期待値≥2.0・最大20点,オッズ≤20 / 自信conf10≥q70,True,26,1,0.5153846153846153,-0.4751527256287049,1.5059219563979356,17,2,2.152941176470588,-0.6510590598815877,4.956941412822764,17.799999237060547,False,False,1.950564705882353
415,B,期待値≥2.0・最大20点,オッズ≤20 / 自信conf10≥q90,True,9,1,1.488888888888889,-1.2624374075679237,4.2402151853457015,10,2,3.66,-0.8790993362119757,8.199099336211976,17.799999237060547,False,False,3.31596
416,B,期待値≥2.0・最大20点,オッズ≤50 / 自信conf10≥qNone,True,729,15,0.5541912632821724,0.25900449468297,0.8493780318813748,511,15,1.0092819614711033,0.4900929906489563,1.5284709322932502,38.349998474121094,False,False,0.9144094570928196
417,B,期待値≥2.0・最大20点,オッズ≤50 / 自信conf10≥q70,True,244,7,0.8125899280575539,0.19649138295432178,1.428688473160786,180,9,1.51044776119403,0.5074631794359783,2.5134323429520817,34.14999961853027,False,False,1.3684656716417911
418,B,期待値≥2.0・最大20点,オッズ≤50 / 自信conf10≥q90,True,89,3,0.8505050505050505,-0.17631141952808294,1.877321520538184,51,3,1.1690909090909092,-0.15153889804233067,2.489720716224149,23.25,False,False,1.0591963636363637
419,B,期待値≥2.0・最大20点,オッズ≤100 / 自信conf10≥qNone,True,3173,42,0.5520805369127517,0.37152097528049766,0.7326400985450058,1805,28,0.6166732830488288,0.37293784037696975,0.8604087257206879,56.35000038146973,False,False,0.558705994442239
420,B,期待値≥2.0・最大20点,オッズ≤100 / 自信conf10≥q70,True,626,12,0.7338308457711443,0.28231596561193006,1.1853457259303586,424,11,0.8333951762523191,0.2983724702843261,1.368417882220312,40.79999923706055,False,False,0.7550560296846011
421,B,期待値≥2.0・最大20点,オッズ≤100 / 自信conf10≥q90,True,190,3,0.3598290598290598,-0.07762525076907628,0.797283370427196,106,4,1.137878787878788,-0.23372649667654932,2.509484072434125,27.700000762939453,False,False,1.0309181818181818
422,B,期待値≥2.0・最大20点,オッズ≤inf / 自信conf10≥qNone,True,6526,83,0.6931984980372077,0.5232842093239155,0.8631127867504998,3590,50,0.7284302608132188,0.5042407365633391,0.9526197850630985,97.69999694824219,False,False,0.6599578162967763
423,B,期待値≥2.0・最大20点,オッズ≤inf / 自信conf10≥q70,True,1499,24,1.0172427983539094,0.5160452025054243,1.5184403942023945,967,15,0.7191532258064516,0.2653166832372748,1.1729897683756283,70.9000015258789,True,False,0.6515528225806452
424,B,期待値≥2.0・最大20点,オッズ≤inf / 自信conf10≥q90,True,482,6,0.6797435897435897,0.00851779235887229,1.3509693871283073,289,5,0.7720554272517322,-0.15503810853669486,1.6991489630401593,40.79999923706055,False,False,0.6994822170900693
425,C,人気1,荒れ条件なし / 自信conf10≥qNone,True,22755,2498,0.7840298835420787,0.7523988958992781,0.8156608711848793,14169,1499,0.7506175453454725,0.7117394178948157,0.7894956727961294,6.5,False,False,0.6800594960829981
426,C,人気1,荒れ条件なし / 自信conf10≥q70,True,6827,1093,0.8454225867877545,0.7975827266331119,0.8932624469423971,4834,716,0.7954902772031444,0.739571117389581,0.8514094370167077,5.199999809265137,False,False,0.7207141911460488
427,C,人気1,荒れ条件なし / 自信conf10≥q90,True,2277,436,0.8871321914800175,0.809345365503646,0.9649190174563891,1549,268,0.816333118140736,0.7243242451226554,0.9083419911588165,4.549999952316284,False,False,0.7395978050355068
428,C,人気1,100倍以上≥3 / 自信conf10≥qNone,True,2397,329,0.7840216937838965,0.6944612978454863,0.8735820897223068,1399,190,0.7662616154395997,0.6547841413207847,0.8777390895584147,5.099999904632568,False,False,0.6942330235882773
429,C,人気1,100倍以上≥3 / 自信conf10≥q70,True,1388,246,0.8231988472622478,0.7259436116261099,0.9204540828983857,828,143,0.8167874396135266,0.6902279896417465,0.9433468895853068,4.5,False,False,0.7400094202898552
430,C,人気1,100倍以上≥3 / 自信conf10≥q90,True,800,169,0.912875,0.7854241870623464,1.0403258129376536,454,93,0.9116740088105727,0.7401168270974807,1.0832311905236647,4.300000190734863,False,False,0.8259766519823789
431,C,人気1,100倍以上≥6 / 自信conf10≥qNone,True,98,10,0.6265306122448979,0.11845541292567763,1.1346058115641182,48,3,0.24791666666666667,-0.03645398322883636,0.5322873165621698,4.099999904632568,False,False,0.22461250000000002
432,C,人気1,100倍以上≥6 / 自信conf10≥q70,True,58,9,0.6741379310344827,0.2464565913623578,1.1018192707066077,28,3,0.425,-0.051784280361674706,0.9017842803616747,3.899999976158142,False,False,0.38505
433,C,人気1,100倍以上≥6 / 自信conf10≥q90,True,49,7,0.5285714285714286,0.1597896502797131,0.897353206863144,23,3,0.5173913043478261,-0.05612264751330376,1.090905256208956,3.600000023841858,False,False,0.46875652173913046
434,C,人気1,Σ1/オッズ下位30% / 自信conf10≥qNone,True,6827,417,0.7111029734876226,0.6424793525966318,0.7797265943786135,4127,256,0.6958080930457959,0.6104142444421035,0.7812019416494884,11.100000381469727,False,False,0.6304021322994912
435,C,人気1,Σ1/オッズ下位30% / 自信conf10≥q70,True,82,3,0.37682926829268293,-0.0424974369954052,0.7961559735807711,58,10,1.5551724137931036,0.6618042838458819,2.448540543740325,8.699999809265137,False,False,1.408986206896552
436,C,人気1,Σ1/オッズ下位30% / 自信conf10≥q90,True,4,0,0.0,0.0,0.0,1,0,0.0,0.0,0.0,,False,False,0.0
437,C,人気1-3,荒れ条件なし / 自信conf10≥qNone,True,22755,6058,0.7796132718083938,0.7609043752884584,0.7983221683283291,14169,3640,0.7527089655821394,0.7294377512438888,0.77598017992039,8.199999809265137,False,False,0.6819543228174183
438,C,人気1-3,荒れ条件なし / 自信conf10≥q70,True,6827,2545,0.8202187393193692,0.7931407625293653,0.8472967161093731,4834,1683,0.7868983588470556,0.7544052973622081,0.8193914203319032,6.5,False,False,0.7129299131154324
439,C,人気1-3,荒れ条件なし / 自信conf10≥q90,True,2277,1001,0.8532572097789489,0.8105094460315294,0.8960049735263684,1549,611,0.7894555627286421,0.7367682267654504,0.8421428986918339,5.699999809265137,False,False,0.7152467398321498
440,C,人気1-3,100倍以上≥3 / 自信conf10≥qNone,True,2397,781,0.784160756501182,0.7303820551713173,0.8379394578310467,1399,432,0.7213485823207053,0.658148590141747,0.7845485744996636,6.5,False,False,0.6535418155825591
441,C,人気1-3,100倍以上≥3 / 自信conf10≥q70,True,1388,568,0.8051152737752162,0.7500056585378452,0.8602248890125872,828,320,0.782085346215781,0.70935378060662,0.8548169118249419,5.800000190734863,False,False,0.7085693236714976
442,C,人気1-3,100倍以上≥3 / 自信conf10≥q90,True,800,368,0.8323333333333334,0.7645170815675837,0.900149585099083,454,194,0.7803964757709251,0.6909561372291622,0.869836814312688,5.300000190734863,False,False,0.7070392070484581
443,C,人気1-3,100倍以上≥6 / 自信conf10≥qNone,True,98,36,1.0010204081632652,0.6013100084635352,1.4007308078629952,48,8,0.28125,0.0930333206810762,0.46946667931892383,5.75,False,False,0.2548125
444,C,人気1-3,100倍以上≥6 / 自信conf10≥q70,True,58,31,1.0206896551724138,0.7520500569131077,1.28932925343172,28,8,0.48214285714285715,0.1807816397751717,0.7835040745105426,5.599999904632568,False,False,0.4368214285714286
445,C,人気1-3,100倍以上≥6 / 自信conf10≥q90,True,49,25,0.9156462585034013,0.6430123433338459,1.1882801736729567,23,8,0.5869565217391305,0.23436427158516898,0.9395487718930919,5.300000190734863,False,False,0.5317826086956522
446,C,人気1-3,Σ1/オッズ下位30% / 自信conf10≥qNone,True,6827,1074,0.7244861090767052,0.6826061121880237,0.7663661059653867,4127,661,0.7196591551570956,0.6669659141892241,0.772352396124967,13.199999809265137,False,False,0.6520111945723286
447,C,人気1-3,Σ1/オッズ下位30% / 自信conf10≥q70,True,82,13,0.5914634146341463,0.2911162489466482,0.8918105803216444,58,16,0.9045977011494253,0.5180954313555883,1.2910999709432622,10.199999809265137,False,False,0.8195655172413794
448,C,人気1-3,Σ1/オッズ下位30% / 自信conf10≥q90,True,4,0,0.0,0.0,0.0,1,0,0.0,0.0,0.0,,False,False,0.0
449,C,人気1-5,荒れ条件なし / 自信conf10≥qNone,True,22755,8526,0.7809518787079762,0.7659230674106897,0.7959806900052627,14169,5149,0.7562467358317454,0.737556777543149,0.7749366941203418,9.699999809265137,False,False,0.6851595426635614
450,C,人気1-5,荒れ条件なし / 自信conf10≥q70,True,6827,3470,0.8158546945949905,0.7939443445914015,0.8377650445985795,4834,2319,0.7871410839884154,0.7608808326354308,0.8134013353414,7.599999904632568,False,False,0.7131498220935044
451,C,人気1-5,荒れ条件なし / 自信conf10≥q90,True,2277,1339,0.8490557751427317,0.813956781080752,0.8841547692047114,1549,830,0.7886894770819883,0.745834187881846,0.8315447662821307,6.5,False,False,0.7145526662362814
452,C,人気1-5,100倍以上≥3 / 自信conf10≥qNone,True,2397,1070,0.7785481852315395,0.7354516598840631,0.8216447105790158,1399,596,0.7242601858470336,0.6718449572674156,0.7766754144266516,7.699999809265137,False,False,0.6561797283774125
453,C,人気1-5,100倍以上≥3 / 自信conf10≥q70,True,1388,767,0.7978530259365995,0.7535969014732017,0.8421091503999972,828,447,0.8146859903381642,0.7545144860248124,0.8748574946515161,6.800000190734863,False,False,0.7381055072463768
454,C,人気1-5,100倍以上≥3 / 自信conf10≥q90,True,800,498,0.84935,0.7932029451960747,0.9054970548039254,454,267,0.8214096916299559,0.744050356607332,0.8987690266525798,6.099999904632568,False,False,0.7441971806167401
455,C,人気1-5,100倍以上≥6 / 自信conf10≥qNone,True,98,45,0.7830612244897959,0.5329007307001863,1.0332217182794055,48,11,0.2975,0.12588094410228734,0.46911905589771263,6.549999952316284,False,False,0.26953499999999997
456,C,人気1-5,100倍以上≥6 / 自信conf10≥q70,True,58,40,0.9206896551724137,0.7273364775324885,1.114042832812339,28,11,0.51,0.2422557190153261,0.777744280984674,6.099999904632568,False,False,0.46206
457,C,人気1-5,100倍以上≥6 / 自信conf10≥q90,True,49,34,0.9142857142857143,0.7028040838777755,1.125767344693653,23,10,0.5278260869565218,0.24615210349691802,0.8095000704161255,5.800000190734863,False,False,0.4782104347826088
458,C,人気1-5,Σ1/オッズ下位30% / 自信conf10≥qNone,True,6827,1588,0.7341819247107075,0.7004439000912958,0.7679199493301193,4127,968,0.7198400775381634,0.6777300545182408,0.761950100558086,15.100000381469727,False,False,0.6521751102495761
459,C,人気1-5,Σ1/オッズ下位30% / 自信conf10≥q70,True,82,16,0.4690243902439024,0.2570776451089035,0.6809711353789013,58,20,0.7510344827586207,0.47223474788991554,1.0298342176273259,10.800000190734863,False,False,0.6804372413793104
460,C,人気1-5,Σ1/オッズ下位30% / 自信conf10≥q90,True,4,2,1.515,0.010620197556481248,3.0193798024435186,1,0,0.0,0.0,0.0,15.149999618530273,False,False,0.0
461,C,人気2-5,荒れ条件なし / 自信conf10≥qNone,True,22755,6028,0.7801823774994506,0.761688712043333,0.7986760429555683,14169,3650,0.7576540334533136,0.7346664106116304,0.7806416562949968,11.100000381469727,False,False,0.6864345543087021
462,C,人気2-5,荒れ条件なし / 自信conf10≥q70,True,6827,2377,0.8084627215467994,0.7801897420339641,0.8367357010596348,4834,1603,0.7850537856847332,0.7514351277871789,0.8186724435822874,9.0,False,False,0.7112587298303683
463,C,人気2-5,荒れ条件なし / 自信conf10≥q90,True,2277,903,0.8395366710584102,0.7928997537414525,0.886173588375368,1549,562,0.7817785668173015,0.7258149903235956,0.8377421433110074,8.100000381469727,False,False,0.7082913815364752
464,C,人気2-5,100倍以上≥3 / 自信conf10≥qNone,True,2397,741,0.7771798080934501,0.7234303408037309,0.8309292753831693,1399,406,0.7137598284488921,0.6484378396168573,0.7790818172809268,9.100000381469727,False,False,0.6466664045746963
465,C,人気2-5,100倍以上≥3 / 自信conf10≥q70,True,1388,521,0.7915165706051873,0.7334575600243884,0.8495755811859862,828,304,0.8141606280193237,0.7354282665471867,0.8928929894914606,8.199999809265137,False,False,0.7376295289855073
466,C,人気2-5,100倍以上≥3 / 自信conf10≥q90,True,800,329,0.83346875,0.7577234923287401,0.9092140076712598,454,174,0.7988436123348017,0.6959237768698965,0.901763447799707,7.800000190734863,False,False,0.7237523127753304
467,C,人気2-5,100倍以上≥6 / 自信conf10≥qNone,True,98,35,0.8221938775510204,0.5193004287500754,1.1250873263519652,48,8,0.3098958333333333,0.10003703130722635,0.5197546353594402,7.400000095367432,False,False,0.280765625
468,C,人気2-5,100倍以上≥6 / 自信conf10≥q70,True,58,31,0.9823275862068965,0.7198131081527603,1.2448420642610327,28,8,0.53125,0.1946614854529347,0.8678385145470653,7.099999904632568,False,False,0.48131250000000003
469,C,人気2-5,100倍以上≥6 / 自信conf10≥q90,True,49,27,1.0107142857142857,0.7237926936372863,1.297635877791285,23,7,0.5304347826086957,0.17500372235058764,0.8858658428668038,6.849999904632568,False,False,0.4805739130434783
470,C,人気2-5,Σ1/オッズ下位30% / 自信conf10≥qNone,True,6827,1171,0.7399516625164787,0.699550668220141,0.7803526568128164,4127,712,0.7258480736612551,0.6753504019734279,0.7763457453490824,16.5,False,False,0.6576183547370972
471,C,人気2-5,Σ1/オッズ下位30% / 自信conf10≥q70,True,82,13,0.4920731707317073,0.2399946699590489,0.7441516715043657,58,10,0.55,0.2339351069054822,0.8660648930945178,12.600000381469727,False,False,0.4983000000000001
472,C,人気2-5,Σ1/オッズ下位30% / 自信conf10≥q90,True,4,2,1.89375,0.01327524694560167,3.7742247530543986,1,0,0.0,0.0,0.0,15.149999618530273,False,False,0.0
473,C,人気4-8,荒れ条件なし / 自信conf10≥qNone,True,22755,5060,0.7721731487585146,0.752215654130969,0.7921306433860602,14169,3175,0.7771571741124991,0.7518341044678792,0.8024802437571189,16.799999237060547,False,False,0.7041043997459242
474,C,人気4-8,荒れ条件なし / 自信conf10≥q70,True,6827,1792,0.774568624578878,0.7419187205663719,0.8072185285913841,4834,1276,0.7892470004137361,0.7498513376767467,0.8286426631507254,14.199999809265137,False,False,0.7150577823748449
475,C,人気4-8,荒れ条件なし / 自信conf10≥q90,True,2277,630,0.7832850241545893,0.7275035345074489,0.8390665138017298,1549,429,0.7891413815364752,0.7207098130762783,0.857572949996672,13.300000190734863,False,False,0.7149620916720465
476,C,人気4-8,100倍以上≥3 / 自信conf10≥qNone,True,2397,584,0.7919232373800584,0.7290878623455075,0.8547586124146094,1399,328,0.7564974982130093,0.6751708362381876,0.8378241601878309,14.5,False,False,0.6853867333809864
477,C,人気4-8,100倍以上≥3 / 自信conf10≥q70,True,1388,386,0.7744092219020173,0.7041114946367851,0.8447069491672495,828,222,0.7357004830917875,0.6465589191449771,0.8248420470385979,12.849999904632568,False,False,0.6665446376811595
478,C,人気4-8,100倍以上≥3 / 自信conf10≥q90,True,800,239,0.803625,0.7115406267778362,0.8957093732221638,454,129,0.753215859030837,0.6345544209121841,0.8718772971494899,12.349999904632568,False,False,0.6824135682819383
479,C,人気4-8,100倍以上≥6 / 自信conf10≥qNone,True,98,20,0.8512244897959184,0.39002359948401777,1.312425380107819,48,10,0.78625,0.2227060245118152,1.349793975488185,14.400000095367432,False,False,0.7123425
480,C,人気4-8,100倍以上≥6 / 自信conf10≥q70,True,58,14,0.5913793103448276,0.3018607750336377,0.8808978456560175,28,7,0.6185714285714285,0.209474618512978,1.0276682386298792,11.5,False,False,0.5604257142857143
481,C,人気4-8,100倍以上≥6 / 自信conf10≥q90,True,49,14,0.7,0.36611522945782626,1.0338847705421736,23,5,0.5295652173913044,0.10485165917151856,0.9542787756110902,11.5,False,False,0.47978608695652175
482,C,人気4-8,Σ1/オッズ下位30% / 自信conf10≥qNone,True,6827,1139,0.7592969093305991,0.717473679349539,0.8011201393116593,4127,680,0.7484758904773443,0.6948865410994598,0.8020652398552288,22.0,False,False,0.6781191567724739
483,C,人気4-8,Σ1/オッズ下位30% / 自信conf10≥q70,True,82,14,0.7280487804878049,0.3733212135597046,1.0827763474159051,58,9,0.6172413793103448,0.23139995996933527,1.0030827986513544,21.899999618530273,False,False,0.5592206896551725
484,C,人気4-8,Σ1/オッズ下位30% / 自信conf10≥q90,True,4,3,2.365,0.9970396972134026,3.732960302786598,1,0,0.0,0.0,0.0,16.899999618530273,False,False,0.0
485,C,人気6-10,荒れ条件なし / 自信conf10≥qNone,True,22755,3908,0.7752256646890793,0.7520379114218072,0.7984134179563513,14169,2492,0.7863942409485497,0.7569945798990037,0.8157939019980958,21.799999237060547,False,False,0.712473182299386
486,C,人気6-10,荒れ条件なし / 自信conf10≥q70,True,6827,1283,0.7680005859088912,0.728158435850763,0.8078427359670194,4834,933,0.7821390153082334,0.7349750483700661,0.8293029822464006,19.600000381469727,False,False,0.7086179478692595
487,C,人気6-10,荒れ条件なし / 自信conf10≥q90,True,2277,415,0.7408432147562583,0.6723226663495797,0.8093637631629368,1549,297,0.7743705616526791,0.6903812222848457,0.8583599010205126,19.200000762939453,False,False,0.7015797288573273
488,C,人気6-10,100倍以上≥3 / 自信conf10≥qNone,True,2397,428,0.7827284105131415,0.7098596303914676,0.8555971906348153,1399,252,0.8132237312365975,0.7131363444919138,0.9133111179812813,20.34999942779541,False,False,0.7367807005003574
489,C,人気6-10,100倍以上≥3 / 自信conf10≥q70,True,1388,268,0.7619020172910663,0.6749109275206843,0.8488931070614484,828,151,0.7334541062801933,0.6210615535344405,0.845846659025946,18.299999237060547,False,False,0.6645094202898552
490,C,人気6-10,100倍以上≥3 / 自信conf10≥q90,True,800,144,0.689075,0.5799067356678749,0.7982432643321251,454,81,0.6817180616740088,0.5378834510479664,0.8255526723000512,17.5,False,False,0.617636563876652
491,C,人気6-10,100倍以上≥6 / 自信conf10≥qNone,True,98,12,0.7089795918367346,0.24783349873426297,1.1701256849392063,48,13,1.4166666666666667,0.6102776323726545,2.223055700960679,19.700000762939453,False,False,1.2835
492,C,人気6-10,100倍以上≥6 / 自信conf10≥q70,True,58,6,0.3510344827586207,0.07929561323636469,0.6227733522808767,28,8,1.025,0.37189249736356556,1.6781075026364343,15.800000190734863,False,False,0.92865
493,C,人気6-10,100倍以上≥6 / 自信conf10≥q90,True,49,6,0.41551020408163264,0.09714183317799413,0.7338785749852712,23,7,1.117391304347826,0.3611550447859371,1.873627563909715,16.100000381469727,False,False,1.0123565217391304
494,C,人気6-10,Σ1/オッズ下位30% / 自信conf10≥qNone,True,6827,985,0.796906401054636,0.7492098046092723,0.8446029974999996,4127,565,0.7607947661739762,0.700201574464588,0.8213879578833645,26.899999618530273,False,False,0.6892800581536225
495,C,人気6-10,Σ1/オッズ下位30% / 自信conf10≥q70,True,82,21,1.4439024390243902,0.8920496524234253,1.9957552256253552,58,11,1.019655172413793,0.4656696307894319,1.573640714038154,26.75,False,False,0.9238075862068965
496,C,人気6-10,Σ1/オッズ下位30% / 自信conf10≥q90,True,4,1,0.85,-0.5927983227048749,2.2927983227048747,1,0,0.0,0.0,0.0,17.0,False,False,0.0
497,C,人気11-20,荒れ条件なし / 自信conf10≥qNone,True,22755,3471,0.7416405185673478,0.7162854102686346,0.766995626866061,14169,2182,0.7425753405321477,0.710461938356857,0.7746887427074384,42.79999923706055,False,False,0.6727732585221258
498,C,人気11-20,荒れ条件なし / 自信conf10≥q70,True,6827,949,0.7094697524534935,0.6614650478253242,0.7574744570816628,4834,687,0.709956557716177,0.6531914613518885,0.7667216540804656,43.54999923706055,False,False,0.6432206412908564
499,C,人気11-20,荒れ条件なし / 自信conf10≥q90,True,2277,277,0.6443214756258234,0.5640703499894815,0.7245726012621654,1549,203,0.7424402840542286,0.6269964599622593,0.8578841081461979,47.85000038146973,False,False,0.6726508973531311
500,C,人気11-20,100倍以上≥3 / 自信conf10≥qNone,True,2397,290,0.7384897788902796,0.6415835512090579,0.8353960065715013,1399,186,0.7470764832022874,0.6225437500799241,0.8716092163246506,45.5,False,False,0.6768512937812724
501,C,人気11-20,100倍以上≥3 / 自信conf10≥q70,True,1388,163,0.7264697406340057,0.596611143780292,0.8563283374877194,828,108,0.7273188405797102,0.5576124238674942,0.8970252572919262,44.79999923706055,False,False,0.6589508695652174
502,C,人気11-20,100倍以上≥3 / 自信conf10≥q90,True,800,86,0.5749125,0.4420262979012318,0.7077987020987683,454,54,0.8067400881057268,0.5342042692608246,1.079275906950629,47.55000114440918,False,False,0.7309065198237885
503,C,人気11-20,100倍以上≥6 / 自信conf10≥qNone,True,98,9,0.6851020408163265,0.17884034999641396,1.191363731636239,48,6,0.5641666666666667,0.019983839592522923,1.1083494937408105,45.29999923706055,False,False,0.511135
504,C,人気11-20,100倍以上≥6 / 自信conf10≥q70,True,58,7,0.8196551724137932,0.09972691471135509,1.5395834301162312,28,6,0.9671428571428572,0.06337163609186558,1.8709140781938487,36.400001525878906,False,False,0.8762314285714287
505,C,人気11-20,100倍以上≥6 / 自信conf10≥q90,True,49,6,0.6602040816326531,0.039581042473862404,1.280827120791444,23,5,1.0808695652173914,-0.000705934839964284,2.1624450652747473,36.400001525878906,False,False,0.9792678260869566
506,C,人気11-20,Σ1/オッズ下位30% / 自信conf10≥qNone,True,6827,999,0.762104877691519,0.7143899617215566,0.8098197936614815,4127,586,0.7387206203053065,0.678010016655507,0.799431223955106,46.29999923706055,False,False,0.6692808819966077
507,C,人気11-20,Σ1/オッズ下位30% / 自信conf10≥q70,True,82,10,0.8636585365853658,0.2442405365722109,1.4830765365985208,58,4,0.41379310344827586,0.007003063264378995,0.8205831436321727,52.05000114440918,False,False,0.37489655172413794
508,C,人気11-20,Σ1/オッズ下位30% / 自信conf10≥q90,True,4,0,0.0,0.0,0.0,1,0,0.0,0.0,0.0,,False,False,0.0
509,C,人気1-10,荒れ条件なし / 自信conf10≥qNone,True,22755,12434,0.7780887716985277,0.7662659152427063,0.7899116281543492,14169,7641,0.7713204883901476,0.7563942392998868,0.7862467374804083,12.600000381469727,False,False,0.6988163624814737
510,C,人気1-10,荒れ条件なし / 自信conf10≥q70,True,6827,4753,0.7919276402519408,0.7734729519026516,0.81038232860123,4834,3252,0.7846400496483243,0.762642803461632,0.8066372958350166,9.399999618530273,False,False,0.7108838849813819
511,C,人気1-10,荒れ条件なし / 自信conf10≥q90,True,2277,1754,0.794949494949495,0.7641090403068341,0.8257899495921558,1549,1127,0.7815300193673338,0.7432499272661339,0.8198101114685337,8.100000381469727,False,False,0.7080661975468044
512,C,人気1-10,100倍以上≥3 / 自信conf10≥qNone,True,2397,1498,0.7806382978723404,0.7445347601338844,0.8167418356107964,1399,848,0.7687419585418156,0.7199306435458461,0.8175532735377851,10.100000381469727,False,False,0.696480214438885
513,C,人気1-10,100倍以上≥3 / 自信conf10≥q70,True,1388,1035,0.7798775216138328,0.7406310738475137,0.819123969380152,828,598,0.7740700483091787,0.7223302307060789,0.8258098659122785,8.300000190734863,False,False,0.7013074637681159
514,C,人気1-10,100倍以上≥3 / 自信conf10≥q90,True,800,642,0.7692125,0.7206087232304969,0.8178162767695031,454,348,0.7515638766519824,0.6859965491592261,0.8171312041447387,7.549999952316284,False,False,0.6809168722466961
515,C,人気1-10,100倍以上≥6 / 自信conf10≥qNone,True,98,57,0.7460204081632653,0.5053389190876127,0.9867018972389179,48,24,0.8570833333333333,0.4658497252354041,1.2483169414312625,8.300000190734863,False,False,0.7765175
516,C,人気1-10,100倍以上≥6 / 自信conf10≥q70,True,58,46,0.6358620689655172,0.505081418706763,0.7666427192242714,28,19,0.7675,0.46967714577286046,1.0653228542271393,7.300000190734863,False,False,0.695355
517,C,人気1-10,100倍以上≥6 / 自信conf10≥q90,True,49,40,0.6648979591836734,0.5178304944483573,0.8119654239189896,23,17,0.8226086956521739,0.4856318951793889,1.1595854961249588,7.300000190734863,False,False,0.7452834782608696
518,C,人気1-10,Σ1/オッズ下位30% / 自信conf10≥qNone,True,6827,2573,0.7655441628826718,0.7393012164242496,0.791787109341094,4127,1533,0.7403174218560697,0.7070562108507541,0.7735786328613854,19.0,False,False,0.6707275842015992
519,C,人気1-10,Σ1/オッズ下位30% / 自信conf10≥q70,True,82,37,0.9564634146341463,0.6890645800616118,1.2238622492066809,58,31,0.8853448275862069,0.6192691603681109,1.151420494804303,16.25,False,False,0.8021224137931035
520,C,人気1-10,Σ1/オッズ下位30% / 自信conf10≥q90,True,4,3,1.1825,0.4985198486067013,1.866480151393299,1,0,0.0,0.0,0.0,16.899999618530273,False,False,0.0
521,D,固定 1-2-3,全R,False,22755,1700,0.8223511316194243,0.7731380615468642,0.8715642016919845,14169,1017,0.7896464111793352,0.7272219620797483,0.8520708602789221,8.3,False,False,0.7154196485284777
522,D,固定 1-2-3,1〜11R,False,20893,1512,0.8246111137701623,0.7721014632910975,0.877120764249227,12996,888,0.7788704216682056,0.7127697853726505,0.8449710579637608,8.5,False,False,0.7056566020313944
523,D,固定 1-2-3,12R,False,1862,188,0.7969924812030075,0.6763629085279728,0.9176220538780422,1173,129,0.9090366581415175,0.7296035637906163,1.0884697524924185,6.9,False,False,0.8235872122762149
524,D,固定 1-2-4,全R,False,22755,1201,0.6938738738738739,0.6412207008440136,0.7465270469037342,14169,701,0.7407721081233679,0.6628841271858268,0.818660089060909,9.7,False,False,0.6711395299597713
525,D,固定 1-2-4,1〜11R,False,20893,1058,0.6848801033839085,0.6289940641558068,0.7407661426120101,12996,620,0.745829485995691,0.6622092588741494,0.8294497131172326,9.95,False,False,0.675721514312096
526,D,固定 1-2-4,12R,False,1862,143,0.7947905477980666,0.6506166013490061,0.938964494247127,1173,81,0.6847399829497016,0.5209166668710535,0.8485632990283497,8.65,False,False,0.6203744245524296
527,D,固定 1-2-5,全R,False,22755,857,0.7256339266095364,0.6587585254704198,0.792509327748653,14169,513,0.7159361987437364,0.6273191984003698,0.804553199087103,13.35,False,False,0.6486381960618252
528,D,固定 1-2-5,1〜11R,False,20893,778,0.7287608289857848,0.6576105882932101,0.7999110696783595,12996,460,0.7104878424130502,0.6165551667760247,0.8044205180500756,13.4,False,False,0.6437019852262235
529,D,固定 1-2-5,12R,False,1862,79,0.690547798066595,0.5157725529485014,0.8653230431846887,1173,53,0.7763000852514919,0.5258273954761121,1.0267727750268716,13.05,False,False,0.7033278772378516
530,D,固定 1-2-6,全R,False,22755,594,0.7123796967699406,0.6285048728680752,0.796254520671806,14169,418,0.8681417178347096,0.7396067067549933,0.9966767289144259,18.5,False,False,0.7865363963582469
531,D,固定 1-2-6,1〜11R,False,20893,527,0.6869142775092136,0.5991886509808448,0.7746399040375824,12996,386,0.8830101569713759,0.7454314546713345,1.0205888592714172,18.1,False,False,0.8000072022160666
532,D,固定 1-2-6,12R,False,1862,67,0.9981203007518797,0.7125873473077082,1.2836532541960513,1173,32,0.7034100596760443,0.40829317679089544,0.9985269425611931,21.4,False,False,0.6372895140664961
533,D,固定 1-3-2,全R,False,22755,1246,0.7470402109426499,0.6947443471758076,0.7993360747094923,14169,781,0.772235161267556,0.702908756798763,0.841561565736349,10.3,False,False,0.6996450561084058
534,D,固定 1-3-2,1〜11R,False,20893,1111,0.7457760972574546,0.6903265604449715,0.8012256340699377,12996,678,0.7409048938134811,0.6688937466405757,0.8129160409863866,10.4,False,False,0.671259833795014
535,D,固定 1-3-2,12R,False,1862,135,0.7612244897959184,0.6151870400087247,0.9072619395831121,1173,103,1.1193520886615516,0.8657874300089496,1.3729167473141535,9.4,False,False,1.0141329923273656
536,D,固定 1-3-4,全R,False,22755,1007,0.6905163700285651,0.6316610414002783,0.7493716986568519,14169,585,0.6811631025478156,0.6000280722356646,0.7622981328599667,11.1,False,False,0.617133770908321
537,D,固定 1-3-4,1〜11R,False,20893,904,0.6918489446226008,0.6291983959778636,0.754499493267338,12996,516,0.6768005540166205,0.5899642486276878,0.7636368594055533,11.1,False,False,0.6131813019390582
538,D,固定 1-3-4,12R,False,1862,103,0.6755639097744361,0.5234468162337963,0.827681003315076,1173,69,0.7294970161977835,0.5427086545323712,0.9162853778631959,10.65,False,False,0.6609242966751919
539,D,固定 1-3-5,全R,False,22755,755,0.6550692155570205,0.5884179488493133,0.7217204822647276,14169,465,0.6565177500176441,0.5671005776802506,0.7459349223550377,12.9,False,False,0.5948050815159855
540,D,固定 1-3-5,1〜11R,False,20893,685,0.6635284545062939,0.5922370196055096,0.7348198894070783,12996,414,0.6489843028624193,0.5539758297039965,0.743992776020842,13.0,False,False,0.5879797783933519
541,D,固定 1-3-5,12R,False,1862,70,0.5601503759398496,0.4067649303728248,0.7135358215068744,1173,51,0.7399829497016198,0.49799111744453456,0.981974781958705,12.7,False,False,0.6704245524296676
542,D,固定 1-3-6,全R,False,22755,540,0.6658668424522083,0.5802628702996077,0.7514708146048089,14169,338,0.6704848613169596,0.5568426457459412,0.784127076887978,18.4,False,False,0.6074592843531654
543,D,固定 1-3-6,1〜11R,False,20893,496,0.6649021203273824,0.5740840379532085,0.7557202027015563,12996,310,0.6767851646660511,0.5549609407087938,0.7986093886233084,17.95,False,False,0.6131673591874424
544,D,固定 1-3-6,12R,False,1862,44,0.6766917293233082,0.4401290674611371,0.9132543911854794,1173,28,0.6006820119352089,0.35053123918198376,0.850832784688434,23.85,False,False,0.5442179028132993
545,D,固定 1-4-2,全R,False,22755,783,0.7354076027246759,0.6661768670356837,0.804638338413668,14169,482,0.6787352671324723,0.59022912846135,0.7672414058035947,14.7,False,False,0.61493415202202
546,D,固定 1-4-2,1〜11R,False,20893,697,0.730699277269899,0.6574049938720965,0.8039935606677016,12996,421,0.6653662665435519,0.5711983723708276,0.7595341607162762,14.8,False,False,0.6028218374884581
547,D,固定 1-4-2,12R,False,1862,86,0.7882384532760472,0.589674823300236,0.9868020832518585,1173,61,0.8268542199488491,0.5936695690934898,1.0600388708042083,13.1,False,False,0.7491299232736573
548,D,固定 1-4-3,全R,False,22755,650,0.6169633047681828,0.5516886488959437,0.682237960640422,14169,360,0.6377867174818265,0.546846076521478,0.728727358442175,16.0,False,False,0.5778347660385348
549,D,固定 1-4-3,1〜11R,False,20893,573,0.6054420140716986,0.5365224527123389,0.6743615754310583,12996,310,0.6194367497691597,0.5228766235928263,0.7159968759454932,16.0,False,False,0.5612096952908587
550,D,固定 1-4-3,12R,False,1862,77,0.7462406015037594,0.5506436710399061,0.9418375319676127,1173,50,0.8410912190963342,0.5920101994664616,1.090172238726207,16.2,False,False,0.7620286445012788
551,D,固定 1-4-5,全R,False,22755,500,0.652094045264777,0.5708469600707984,0.7333411304587556,14169,294,0.6295504269884961,0.5132257281592395,0.7458751258177526,20.25,False,False,0.5703726868515775
552,D,固定 1-4-5,1〜11R,False,20893,429,0.6214617335949839,0.5360098279747144,0.7069136392152534,12996,259,0.6289012003693444,0.5038690055651519,0.7539333951735369,20.0,False,False,0.5697844875346261
553,D,固定 1-4-5,12R,False,1862,71,0.995810955961332,0.7384744444846082,1.2531474674380556,1173,35,0.6367433930093777,0.40138361475654605,0.8721031712622093,21.3,False,False,0.5768895140664961
554,D,固定 1-4-6,全R,False,22755,371,0.634941771039332,0.5119025885524106,0.7579809535262535,14169,269,0.6553673512597925,0.5456513527202044,0.7650833497993806,22.8,False,False,0.5937628202413721
555,D,固定 1-4-6,1〜11R,False,20893,319,0.610261810175657,0.4788000874093578,0.741723532941956,12996,247,0.6680670975684826,0.5508789206258341,0.7852552745111311,22.4,False,False,0.6052687903970453
556,D,固定 1-4-6,12R,False,1862,52,0.9118689581095596,0.6206352889044024,1.2031026273147167,1173,22,0.5146632566069906,0.24898819865418415,0.7803383145597971,24.05,False,False,0.4662849104859335
557,D,固定 1-5-2,全R,False,22755,508,0.8293430015381235,0.7170842483425127,0.9416017547337342,14169,282,0.6968169948479074,0.5728554819211051,0.8207785077747096,22.75,False,False,0.6313161973322041
558,D,固定 1-5-2,1〜11R,False,20893,449,0.8241612023165653,0.704563570452486,0.9437588341806447,12996,261,0.7068251769775316,0.5749997356605583,0.8386506182945048,22.8,False,False,0.6403836103416436
559,D,固定 1-5-2,12R,False,1862,59,0.8874865735767992,0.6025882665271803,1.172384880626418,1173,21,0.5859335038363171,0.2559187692221685,0.9159482384504658,21.9,False,False,0.5308557544757033
560,D,固定 1-5-3,全R,False,22755,442,0.7231333772797187,0.6284029005224505,0.8178638540369869,14169,265,0.7119556778883478,0.5524851593585393,0.8714261964181563,23.5,False,False,0.6450318441668431
561,D,固定 1-5-3,1〜11R,False,20893,397,0.7249748719666874,0.6240055248590264,0.8259442190743485,12996,231,0.7021852877808556,0.5308553206322764,0.8735152549294349,23.8,False,False,0.6361798707294553
562,D,固定 1-5-3,12R,False,1862,45,0.7024704618689581,0.4644860618218334,0.9404548619160829,1173,34,0.8202046035805627,0.49258266832844094,1.1478265388326845,21.5,False,False,0.7431053708439899
563,D,固定 1-5-4,全R,False,22755,321,0.7036079982421446,0.5840623600199191,0.8231536364643701,14169,221,0.8516903098313219,0.6455736609206664,1.0578069587419774,35.5,False,False,0.7716314207071776
564,D,固定 1-5-4,1〜11R,False,20893,287,0.6985641123821376,0.5710407419565303,0.8260874828077448,12996,203,0.8845260080024623,0.6609902629611331,1.1080617530437915,36.15,False,False,0.8013805632502309
565,D,固定 1-5-4,12R,False,1862,34,0.7602040816326531,0.46552837157684207,1.054879791688464,1173,18,0.4878942881500426,0.23350570681616473,0.7422828694839205,32.5,False,False,0.44203222506393863
566,D,固定 1-5-6,全R,False,22755,247,0.6265040650406504,0.5094909682800856,0.7435171618012152,14169,142,0.6183287458536241,0.46697466966162793,0.7696828220456202,36.4,False,False,0.5602058437433834
567,D,固定 1-5-6,1〜11R,False,20893,223,0.6200928540659552,0.4963617100220329,0.7438239981098774,12996,130,0.6332409972299169,0.47028547138015386,0.7961965230796799,36.2,False,False,0.5737163434903048
568,D,固定 1-5-6,12R,False,1862,24,0.6984425349087003,0.35592154785192104,1.0409635219654796,1173,12,0.45311167945439046,0.1653322501363662,0.7408911087724147,39.55,False,False,0.4105191815856778
569,D,固定 1-6-2,全R,False,22755,290,0.7924192485168094,0.6612378128514756,0.9236006841821433,14169,201,0.8513797727433129,0.6375734543666698,1.065186091119956,35.6,False,False,0.7713500741054415
570,D,固定 1-6-2,1〜11R,False,20893,272,0.7889005887139233,0.65263006209213,0.9251711153357166,12996,187,0.829455216989843,0.604790235045166,1.0541201989345201,33.9,False,False,0.7514864265927979
571,D,固定 1-6-2,12R,False,1862,18,0.8319011815252417,0.3502134456738878,1.3135889173765958,1173,14,1.0942881500426258,0.40581239516659806,1.7827639049186534,72.7,False,False,0.991425063938619
572,D,固定 1-6-3,全R,False,22755,261,0.6960184574818721,0.5515009329643871,0.8405359819993571,14169,149,0.6867527701319782,0.49221117258559843,0.881294367678358,33.0,False,False,0.6221980097395723
573,D,固定 1-6-3,1〜11R,False,20893,245,0.7172880869190638,0.5617283669029322,0.8728478069351954,12996,143,0.710103108648815,0.5012111138871809,0.9189951034104491,31.85,False,False,0.6433534164358264
574,D,固定 1-6-3,12R,False,1862,16,0.4573576799140709,0.18853186702979424,0.7261834927983475,1173,6,0.4280477408354646,0.021139494881064147,0.834955986789865,51.0,False,False,0.38781125319693094
575,D,固定 1-6-4,全R,False,22755,177,0.554282575258185,0.43787433263010817,0.6706908178862618,14169,128,0.6149057802244337,0.4600971462810074,0.7697144141678599,41.3,False,False,0.5571046368833369
576,D,固定 1-6-4,1〜11R,False,20893,164,0.5547743263293926,0.43367561225230955,0.6758730404064757,12996,120,0.6234148968913512,0.459403539810168,0.7874262539725344,40.15,False,False,0.5648138965835642
577,D,固定 1-6-4,12R,False,1862,13,0.548764769065521,0.12758556156605,0.969943976564992,1173,8,0.5206308610400682,0.07923725924523717,0.9620244628348992,58.0,False,False,0.4716915601023018
578,D,固定 1-6-5,全R,False,22755,142,0.4902175346077785,0.37201824603422623,0.6084168231813308,14169,99,0.6921518808666808,0.4306528745118132,0.9536508872215483,55.4,False,False,0.6270896040652129
579,D,固定 1-6-5,1〜11R,False,20893,133,0.4900397262240942,0.3648675247545945,0.6152119276935939,12996,85,0.6269005847953216,0.3538282469125082,0.899972922678135,51.55,False,False,0.5679719298245615
580,D,固定 1-6-5,12R,False,1862,9,0.4922126745435016,0.15480956099138832,0.8296157880956149,1173,14,1.415089514066496,0.5082668658748968,2.321912162258095,76.0,False,False,1.2820710997442455
581,D,固定 2-1-3,全R,False,22755,473,0.7400747088551967,0.6353017136325774,0.844847704077816,14169,283,0.7402780718469899,0.5959058824223242,0.8846502612716556,22.6,False,False,0.6706919330933728
582,D,固定 2-1-3,1〜11R,False,20893,445,0.7139281098932657,0.6143866589624821,0.8134695608240493,12996,264,0.7265620190827947,0.5751127407568144,0.878011297408775,21.8,False,False,0.658265189289012
583,D,固定 2-1-3,12R,False,1862,28,1.0334586466165414,0.40759161098553265,1.6593256822475502,1173,19,0.8922421142369992,0.4172324038027014,1.367251824671297,46.2,True,False,0.8083713554987213
584,D,固定 2-1-4,全R,False,22755,357,0.6099582509338607,0.5279020244556082,0.6920144774121132,14169,244,0.6373138541887219,0.5329841286417495,0.7416435797356943,28.1,False,False,0.577406351894982
585,D,固定 2-1-4,1〜11R,False,20893,334,0.6066242282104054,0.5219726626793536,0.6912757937414572,12996,235,0.647045244690674,0.5383342843424861,0.755756205038862,27.4,False,False,0.5862229916897507
586,D,固定 2-1-4,12R,False,1862,23,0.6473684210526316,0.32587332972860544,0.9688635123766578,1173,9,0.5294970161977834,0.15874195456551665,0.9002520778300502,46.95,False,False,0.47972429667519184
587,D,固定 2-1-5,全R,False,22755,272,0.5498000439463854,0.4544050100780697,0.6451950778147011,14169,169,0.6324158373914884,0.49838224483120275,0.7664494299517741,31.3,False,False,0.5729687486766886
588,D,固定 2-1-5,1〜11R,False,20893,256,0.5535873258986264,0.4528734801866323,0.6543011716106204,12996,159,0.6422206832871653,0.4997437623805415,0.7846976041937891,30.0,False,False,0.5818519390581718
589,D,固定 2-1-5,12R,False,1862,16,0.5073039742212675,0.22096295237267338,0.7936449960698616,1173,10,0.5237851662404092,0.16403558917093464,0.8835347433098837,54.2,False,False,0.4745493606138107
590,D,固定 2-1-6,全R,False,22755,183,0.5513645352669743,0.42687325527681563,0.6758558152571329,14169,127,0.5596160632366434,0.4118713697706169,0.7073607567026698,38.9,False,False,0.5070121532923989
591,D,固定 2-1-6,1〜11R,False,20893,172,0.5328004594840378,0.4103465261092757,0.6552543928587998,12996,120,0.5521775931055709,0.4015693125817219,0.7027858736294199,36.1,False,False,0.5002728993536473
592,D,固定 2-1-6,12R,False,1862,11,0.7596670247046187,0.10656332366305465,1.4127707257461828,1173,7,0.6420289855072464,0.009084037066995565,1.2749739339474973,76.5,False,False,0.5816782608695653
593,D,固定 2-3-1,全R,False,22755,229,0.7049747308283894,0.5701368145413834,0.8398126471153953,14169,145,0.6689815795045522,0.5185129905551088,0.8194501684539955,45.2,False,False,0.6060973110311243
594,D,固定 2-3-1,1〜11R,False,20893,217,0.679404585267793,0.5437053314385177,0.8151038390970683,12996,137,0.6286088027085257,0.48304278539874423,0.7741748200183072,42.15,False,False,0.5695195752539243
595,D,固定 2-3-1,12R,False,1862,12,0.991890440386681,0.3620717463895916,1.6217091343837704,1173,8,1.1162830349531117,0.2785684982139234,1.9539975716923,136.3,False,False,1.0113524296675191
596,D,固定 2-3-4,全R,False,22755,192,0.6662315974511096,0.5077636281224973,0.8246995667797219,14169,106,0.5696449996471169,0.39517005257365156,0.7441199467205822,39.5,False,False,0.5160983696802879
597,D,固定 2-3-4,1〜11R,False,20893,187,0.6913942468769444,0.52251810885108,0.8602703849028088,12996,102,0.5801400430901816,0.39471272120070744,0.7655673649796558,37.2,False,False,0.5256068790397046
598,D,固定 2-3-4,12R,False,1862,5,0.38388829215896886,-0.015512334471295575,0.7832889187892333,1173,4,0.45336743393009377,-0.01682112629140281,0.9235559941515903,122.2,False,False,0.410750895140665
599,D,固定 2-3-5,全R,False,22755,152,0.5189848384970336,0.3711275821302941,0.666842094863773,14169,105,0.6698002681911215,0.4275571187343534,0.9120434176478895,40.7,False,False,0.6068390429811561
600,D,固定 2-3-5,1〜11R,False,20893,147,0.5180156033121142,0.3651077788593052,0.6709234277649232,12996,101,0.6739304401354262,0.4219473779875113,0.9259135022833411,40.25,False,False,0.6105809787626962
601,D,固定 2-3-5,12R,False,1862,5,0.529860365198711,-0.036900426275096376,1.0966211566725184,1173,4,0.6240409207161125,-0.2523670605694056,1.5004489020016307,208.8,False,False,0.5653810741687979
602,D,固定 2-3-6,全R,False,22755,133,0.5985893210283454,0.4252216833998292,0.7719569586568615,14169,73,0.5834921307078834,0.36116790912446406,0.8058163522913028,50.9,False,False,0.5286438704213424
603,D,固定 2-3-6,1〜11R,False,20893,129,0.6099171971473699,0.42879177357594933,0.7910426207187905,12996,72,0.6001923668821175,0.36827090063614737,0.8321138331280877,50.3,False,False,0.5437742843951985
604,D,固定 2-3-6,12R,False,1862,4,0.47148227712137486,-0.12708246580792787,1.0700470200506775,1173,1,0.39846547314578007,-0.382193879432968,1.1791248257245281,380.5,False,False,0.36100971867007675
605,D,固定 2-4-1,全R,False,22755,168,0.6545374642935619,0.5118462771507555,0.7972286514363682,14169,107,0.6006845931258381,0.40792268355710176,0.7934465026945745,55.4,False,False,0.5442202413720093
606,D,固定 2-4-1,1〜11R,False,20893,157,0.613956827645623,0.47730865162306013,0.7506050036681858,12996,102,0.5891120344721453,0.3908912969738654,0.7873327719704253,53.0,False,False,0.5337355032317637
607,D,固定 2-4-1,12R,False,1862,11,1.1098818474758325,0.2796083363724754,1.9401553585791897,1173,5,0.7289002557544757,-0.04470199865820956,1.502502510167161,109.8,True,False,0.660383631713555
608,D,固定 2-4-3,全R,False,22755,126,0.5726521643594814,0.40229781001570053,0.7430065187032623,14169,96,0.5340955607311737,0.3801380915001252,0.6880530299622223,53.4,False,False,0.4838905780224434
609,D,固定 2-4-3,1〜11R,False,20893,124,0.6035418561240606,0.42147369291653314,0.7856100193315881,12996,95,0.5608648815020006,0.39835864311525937,0.7233711198887419,53.2,False,False,0.5081435826408126
610,D,固定 2-4-3,12R,False,1862,2,0.22604726100966702,-0.17427015696429757,0.6263646789836316,1173,1,0.23751065643648764,-0.22781175611900908,0.7028330689919844,278.6,False,False,0.21518465473145781
611,D,固定 2-4-5,全R,False,22755,93,0.4623555262579653,0.2848824686169996,0.6398285838989309,14169,71,0.5088079610417108,0.3054805427813092,0.7121353793021123,53.45,False,False,0.46098001270378997
612,D,固定 2-4-5,1〜11R,False,20893,85,0.42241420571483274,0.2540654937185859,0.5907629177110796,12996,67,0.5246845183133272,0.3057970392426112,0.7435719973840431,52.0,False,False,0.47536417359187444
613,D,固定 2-4-5,12R,False,1862,8,0.9105263157894737,-0.15491098726571206,1.9759636188446597,1173,4,0.3329070758738278,-0.05552446075405626,0.7213386125017118,69.8,False,False,0.30161381074168797
614,D,固定 2-4-6,全R,False,22755,102,0.5606504065040651,0.3795268672349653,0.7417739457731648,14169,54,0.532260568847484,0.3017281158812124,0.7627930218137555,70.4,False,False,0.48222807537582046
615,D,固定 2-4-6,1〜11R,False,20893,101,0.6066625185468817,0.40956134793511173,0.8037636891586517,12996,52,0.5632810095413974,0.31350635443552766,0.8130556646472671,69.9,False,False,0.5103325946445061
616,D,固定 2-4-6,12R,False,1862,1,0.0443609022556391,-0.04256311518649876,0.13128491969777695,1173,2,0.1885763000852515,-0.12104344780321136,0.49819604797371436,82.6,False,False,0.17085012787723786
617,D,固定 2-5-1,全R,False,22755,110,0.5793671720500989,0.4148684036683541,0.7438659404318437,14169,82,0.8533912061542804,0.49211188473742995,1.214670527571131,75.5,False,False,0.7731724327757781
618,D,固定 2-5-1,1〜11R,False,20893,102,0.5901641698176423,0.41389734978893356,0.766430989846351,12996,80,0.8887503847337642,0.5006606396584723,1.2768401298090561,74.2,False,False,0.8052078485687905
619,D,固定 2-5-1,12R,False,1862,8,0.4582169709989259,0.09850516071155896,0.8179287812862928,1173,2,0.4616368286445013,-0.28401926030124724,1.2072929175902498,118.9,False,False,0.4182429667519182
620,D,固定 2-5-3,全R,False,22755,90,0.5165414194682487,0.32844200370888865,0.7046408352276088,14169,68,0.6311031124285412,0.23309751377473387,1.0291087110823485,61.65,False,False,0.5717794198602584
621,D,固定 2-5-3,1〜11R,False,20893,85,0.5104389029818599,0.3149430229853794,0.7059347829783404,12996,67,0.6499461372730071,0.22249359088362608,1.0773986836623881,58.0,False,False,0.5888512003693445
622,D,固定 2-5-3,12R,False,1862,5,0.5850161117078411,-0.10212121702006349,1.2721534404357455,1173,1,0.42233589087809037,-0.4050895333142753,1.249761315070456,181.2,False,False,0.3826363171355499
623,D,固定 2-5-4,全R,False,22755,80,0.5814018896945726,0.37517937136782453,0.7876244080213207,14169,48,0.6356482461712188,0.3406752266345332,0.9306212657079045,85.7,False,False,0.5758973110311243
624,D,固定 2-5-4,1〜11R,False,20893,77,0.6097831809697027,0.3870248127681379,0.8325415491712675,12996,45,0.6427362265312404,0.32804473026897396,0.9574277227935069,84.1,False,False,0.5823190212373038
625,D,固定 2-5-4,12R,False,1862,3,0.2629430719656284,-0.05888068371382649,0.5847668276450833,1173,3,0.5571184995737425,-0.17726498270946234,1.2915019818569473,192.7,False,False,0.5047493606138107
626,D,固定 2-5-6,全R,False,22755,45,0.6262272028125687,0.30292115753960713,0.9495332480855303,14169,35,0.5444350342296563,0.25563075868369,0.8332393097756227,138.05,False,False,0.49325814101206866
627,D,固定 2-5-6,1〜11R,False,20893,44,0.6743071842243814,0.32252115626454186,1.026093212184221,12996,33,0.5568174823022468,0.24609003521211242,0.8675449293923811,135.7,False,False,0.5044766389658356
628,D,固定 2-5-6,12R,False,1862,1,0.08673469387755102,-0.08321965015277911,0.25668903790788117,1173,2,0.4072463768115942,-0.1568033749553202,0.9712961285785087,234.0,False,False,0.36896521739130433
629,D,固定 2-6-1,全R,False,22755,71,0.6900241705119754,0.4457557748282577,0.9342925661956931,14169,40,0.5281388947702731,0.2775520254664001,0.7787257640741461,98.1,False,False,0.47849383866186745
630,D,固定 2-6-1,1〜11R,False,20893,70,0.7284114296654381,0.46626163264293013,0.9905612266879462,12996,39,0.5439058171745152,0.2779483782854857,0.8098632560635448,95.7,False,False,0.4927786703601108
631,D,固定 2-6-1,12R,False,1862,1,0.25929108485499464,-0.24878295414093976,0.767365123850929,1173,1,0.35345268542199487,-0.33901921782821637,1.0459245886722062,448.7,False,False,0.3202281329923274
632,D,固定 2-6-3,全R,False,22755,63,0.6683014722039112,0.3686902925070036,0.9679126519008189,14169,40,0.35209965417460654,0.16068433033161317,0.5435149780175998,75.3,False,False,0.31900228668219355
633,D,固定 2-6-3,1〜11R,False,20893,62,0.6388072560187623,0.36307488168468766,0.914539630352837,12996,40,0.3838796552785472,0.17519610377211675,0.5925632067849778,75.2,False,False,0.3477949676823638
634,D,固定 2-6-3,12R,False,1862,1,0.9992481203007518,-0.9587522047941831,2.957248445395687,1173,0,0.0,0.0,0.0,1860.6,False,False,0.0
635,D,固定 2-6-4,全R,False,22755,53,0.671641397495056,0.3557429548591446,0.9875398401309674,14169,26,0.4503140659185546,0.1600908504627508,0.7405372813743585,102.0,False,False,0.4079845437222105
636,D,固定 2-6-4,1〜11R,False,20893,51,0.7124682908151055,0.36946751972249564,1.0554690619077154,12996,26,0.490958756540474,0.17454973814282426,0.8073677749381237,97.1,False,False,0.44480863342566945
637,D,固定 2-6-4,12R,False,1862,2,0.21353383458646616,-0.08717244197195065,0.514240111144883,1173,0,0.0,0.0,0.0,198.8,False,False,0.0
638,D,固定 2-6-5,全R,False,22755,41,0.44192485168094925,0.21706214183097866,0.6667875615309198,14169,23,0.3745712470887148,0.1730042022601255,0.5761382919173041,144.85,False,False,0.3393615498623756
639,D,固定 2-6-5,1〜11R,False,20893,41,0.48130952950749056,0.2364140006401006,0.7262050583748805,12996,21,0.34495998768851954,0.14555836179670975,0.5443616135803293,140.8,False,False,0.3125337488457987
640,D,固定 2-6-5,12R,False,1862,0,0.0,0.0,0.0,1173,2,0.7026427962489343,-0.32064185874838036,1.725927451246249,412.1,False,False,0.6365943734015346
641,D,固定 3-1-2,全R,False,22755,297,0.6550867941111843,0.5576820521446014,0.7524915360777672,14169,203,0.7293881007834003,0.6002921365334726,0.8584840650333281,36.5,False,False,0.6608256193097607
642,D,固定 3-1-2,1〜11R,False,20893,276,0.6560379074331115,0.5540718328033516,0.7580039820628715,12996,190,0.7267313019390582,0.5924533993839287,0.8610092044941877,36.0,False,False,0.6584185595567867
643,D,固定 3-1-2,12R,False,1862,21,0.6444146079484425,0.31592180722974483,0.9729074086671402,1173,13,0.7588235294117647,0.29146512490745036,1.226181933916079,54.25,False,False,0.6874941176470588
644,D,固定 3-1-4,全R,False,22755,329,0.6677301691935839,0.5603347119841545,0.7751256264030132,14169,210,0.778841132048839,0.6284441294448216,0.9292381346528563,31.6,False,False,0.7056300656362481
645,D,固定 3-1-4,1〜11R,False,20893,306,0.6484707796869765,0.5404353066231605,0.7565062527507925,12996,201,0.8086642043705755,0.6470266180600687,0.9703017906810824,29.8,False,False,0.7326497691597414
646,D,固定 3-1-4,12R,False,1862,23,0.8838345864661654,0.38093881305452326,1.3867303598778076,1173,9,0.4484228473998295,0.1436305613800572,0.7532151334196018,47.7,False,False,0.4062710997442456
647,D,固定 3-1-5,全R,False,22755,292,0.6699802241265655,0.5535423852496028,0.7864180630035283,14169,213,0.756630672595102,0.603896954979538,0.909364390210666,31.1,False,False,0.6855073893711624
648,D,固定 3-1-5,1〜11R,False,20893,274,0.6756712774613507,0.5524557847917979,0.7988867701309035,12996,195,0.7474761465066174,0.5862613295057995,0.9086909635074354,29.3,False,False,0.6772133887349954
649,D,固定 3-1-5,12R,False,1862,18,0.6061224489795919,0.26952294719318026,0.9427219507660035,1173,18,0.8580562659846548,0.39614965553419307,1.3199628764351166,46.15,False,False,0.7773989769820973
650,D,固定 3-1-6,全R,False,22755,193,0.5351483190507581,0.423143723545458,0.6471529145560582,14169,137,0.626586209330228,0.457415607331654,0.795756811328802,37.8,False,False,0.5676871056531866
651,D,固定 3-1-6,1〜11R,False,20893,180,0.5332886612741109,0.41674544363392235,0.6498318789142994,12996,125,0.6078562634656818,0.42995677558437506,0.7857557513469885,35.8,False,False,0.5507177746999077
652,D,固定 3-1-6,12R,False,1862,13,0.556015037593985,0.15169736041512122,0.9603327147728487,1173,12,0.8341005967604433,0.29490015528163105,1.3733010382392556,67.5,False,False,0.7556951406649617
653,D,固定 3-2-1,全R,False,22755,160,0.6829971434849483,0.5345381289030277,0.831456158066869,14169,92,0.6078269461500458,0.4203786973910234,0.7952751949090683,63.5,False,False,0.5506912132119416
654,D,固定 3-2-1,1〜11R,False,20893,154,0.6979275355382185,0.5434130694816304,0.8524420015948067,12996,85,0.5753539550630964,0.3835279253862669,0.7671799847399259,60.6,False,False,0.5212706832871653
655,D,固定 3-2-1,12R,False,1862,6,0.5154672395273899,-0.01894689283453188,1.0498813718893119,1173,7,0.9676044330775788,0.18693526005651395,1.7482736060986437,124.5,False,False,0.8766496163682864
656,D,固定 3-2-4,全R,False,22755,183,0.7477609316633707,0.572507893201305,0.9230139701254363,14169,104,0.6889971063589526,0.5012965771056273,0.876697635612278,61.3,False,False,0.6242313783612111
657,D,固定 3-2-4,1〜11R,False,20893,173,0.7442923467189968,0.5608340575131067,0.9277506359248869,12996,104,0.7511849799938443,0.5465766164227376,0.9557933435649509,59.6,False,False,0.6805735918744229
658,D,固定 3-2-4,12R,False,1862,10,0.7866809881847476,0.1955877152805604,1.377774261088935,1173,0,0.0,0.0,0.0,108.65,False,False,0.0
659,D,固定 3-2-5,全R,False,22755,162,0.7226192045704241,0.5543517478715435,0.8908866612693046,14169,88,0.5175524031336015,0.3534527964871656,0.6816520097800374,55.4,False,False,0.468902477239043
660,D,固定 3-2-5,1〜11R,False,20893,159,0.7686450007179438,0.5875988194392372,0.9496911819966505,12996,87,0.5524392120652508,0.3750471936693126,0.729831230461189,55.4,False,False,0.5005099261311172
661,D,固定 3-2-5,12R,False,1862,3,0.20617615467239528,-0.11180041021299322,0.5241527195577838,1173,1,0.1310315430520034,-0.1256807857698912,0.387743871873898,99.4,False,False,0.11871457800511509
662,D,固定 3-2-6,全R,False,22755,107,0.6219336409580312,0.4387276486691223,0.80513963324694,14169,78,0.615237490295716,0.3880530553545365,0.8424219252368954,74.1,False,False,0.5574051662079187
663,D,固定 3-2-6,1〜11R,False,20893,101,0.6290575790934763,0.4341613990797448,0.8239537591072077,12996,76,0.6251000307787011,0.3857544989525791,0.8644455626048232,65.5,False,False,0.5663406278855032
664,D,固定 3-2-6,12R,False,1862,6,0.5419978517722879,0.06212795277409744,1.0218677507704783,1173,2,0.5059676044330775,-0.20029581752492598,1.212231026391081,223.55,False,False,0.45840664961636823
665,D,固定 3-4-1,全R,False,22755,154,0.5699670402109427,0.42126688211578367,0.7186671983061017,14169,109,0.6919895546615852,0.5244290455874328,0.8595500637357376,57.7,False,False,0.6269425365233962
666,D,固定 3-4-1,1〜11R,False,20893,146,0.5704398602402718,0.41452289565531597,0.7263568248252277,12996,102,0.6706448137888581,0.5008139916712946,0.8404756359064216,54.7,False,False,0.6076042012927054
667,D,固定 3-4-1,12R,False,1862,8,0.5646616541353383,0.0731874009575475,1.0561359073131291,1173,7,0.9284739982949701,0.18282832752000555,1.6741196690699347,132.6,False,False,0.841197442455243
668,D,固定 3-4-2,全R,False,22755,138,0.7970863546473302,0.5698005576803723,1.024372151614288,14169,90,0.8992236572799774,0.5790681586503917,1.219379155909563,71.9,False,False,0.8146966334956596
669,D,固定 3-4-2,1〜11R,False,20893,126,0.733748145311827,0.5061220695950324,0.9613742210286216,12996,86,0.9018082486919052,0.56537292559732,1.2382435717864904,64.0,False,False,0.8170382733148661
670,D,固定 3-4-2,12R,False,1862,12,1.5077873254564984,0.416763085805713,2.598811565107284,1173,4,0.8705882352941177,-0.15976935256146274,1.900945823149698,170.8,True,False,0.7887529411764707
671,D,固定 3-4-5,全R,False,22755,124,0.4551878707976269,0.3389487193237011,0.5714270222715527,14169,86,0.5003528830545557,0.3400302597639449,0.6606755063451666,49.6,False,False,0.4533197120474275
672,D,固定 3-4-5,1〜11R,False,20893,121,0.4589623318814914,0.34283256198437834,0.5750921017786045,12996,82,0.5154124345952601,0.3438136168941661,0.6870112522963541,48.6,False,False,0.46696366574330567
673,D,固定 3-4-5,12R,False,1862,3,0.41283566058002147,-0.1527846355249593,0.9784559566850022,1173,4,0.33350383631713554,-0.03489977390397686,0.701907446538248,135.3,False,False,0.3021544757033248
674,D,固定 3-4-6,全R,False,22755,87,0.44315535047242366,0.3021243831690501,0.5841863177757972,14169,69,0.6565318653398264,0.35389942441324657,0.9591643062664064,61.5,False,False,0.5948178699978828
675,D,固定 3-4-6,1〜11R,False,20893,83,0.4354089886564878,0.2979243968321321,0.5728935804808435,12996,60,0.48717297630040013,0.2341065359024631,0.7402394166983371,59.4,False,False,0.4413787165281625
676,D,固定 3-4-6,12R,False,1862,4,0.5300751879699248,-0.23842088319835264,1.2985712591382024,1173,9,2.532907075873828,0.18994935697752835,4.875864794770127,168.9,False,False,2.294813810741688
677,D,固定 3-5-1,全R,False,22755,128,0.7732586244781366,0.5479842754947057,0.9985329734615676,14169,69,0.6981932387606747,0.4437201377634887,0.9526663397578607,77.8,False,False,0.6325630743171713
678,D,固定 3-5-1,1〜11R,False,20893,124,0.8066720911310008,0.5641904463069138,1.0491537359550878,12996,67,0.719998461064943,0.4485980596068401,0.9913988625230459,75.0,False,False,0.6523186057248384
679,D,固定 3-5-1,12R,False,1862,4,0.39833512352309347,-0.021092351761601014,0.8177625988077879,1173,2,0.4566069906223359,-0.18118790744192848,1.0944018886866003,208.45,False,False,0.4136859335038363
680,D,固定 3-5-2,全R,False,22755,96,0.6347615908591518,0.4457520794411127,0.823771102277191,14169,66,0.8719034511962735,0.43657887041541255,1.3072280319771346,77.65,False,False,0.7899445267838239
681,D,固定 3-5-2,1〜11R,False,20893,91,0.6525295553534677,0.4513258366875562,0.8537332740193792,12996,64,0.9221914435210834,0.4504924995157131,1.3938903875264537,76.5,False,False,0.8355054478301016
682,D,固定 3-5-2,12R,False,1862,5,0.4353920515574651,-0.05271598977692388,0.923500092891854,1173,2,0.3147485080988917,-0.26643876635035396,0.8959357825481373,100.1,False,False,0.2851621483375959
683,D,固定 3-5-4,全R,False,22755,89,0.5738299274884641,0.3766392817800459,0.7710205731968822,14169,57,0.7547674500670478,0.4307925583561266,1.0787423417779691,80.7,False,False,0.6838193097607453
684,D,固定 3-5-4,1〜11R,False,20893,87,0.5829751591442109,0.382791302353905,0.7831590159345169,12996,54,0.7899199753770391,0.43880239233255086,1.1410375584215273,78.1,False,False,0.7156674976915974
685,D,固定 3-5-4,12R,False,1862,2,0.47121374865735766,-0.4015538218882271,1.3439813192029424,1173,3,0.3653026427962489,-0.06003953516860533,0.7906448207611032,125.6,False,False,0.3309641943734015
686,D,固定 3-5-6,全R,False,22755,84,0.5192485168094925,0.35170461804810593,0.686792415570879,14169,46,0.5664267061895688,0.25872662959214,0.8741267827869976,74.8,False,False,0.5131825958077494
687,D,固定 3-5-6,1〜11R,False,20893,77,0.47799741540228785,0.31122265879415595,0.6447721720104198,12996,45,0.6110495537088335,0.27582946030129823,0.9462696471163687,70.2,False,False,0.5536108956602032
688,D,固定 3-5-6,12R,False,1862,7,0.9821160042964554,0.15150308474872487,1.812728923844186,1173,1,0.07203751065643649,-0.06909581260608852,0.2131708339189615,203.85,False,False,0.06526598465473146
689,D,固定 3-6-1,全R,False,22755,74,0.549457262140189,0.3600222503292655,0.7388922739511125,14169,57,0.5200790458042205,0.32197640000327427,0.7181816916051666,70.1,False,False,0.47119161549862376
690,D,固定 3-6-1,1〜11R,False,20893,72,0.5469966017326378,0.3542666185964943,0.7397265848687813,12996,56,0.5227300707910126,0.3249442933793689,0.7205158482026564,69.3,False,False,0.47359344413665744
691,D,固定 3-6-1,12R,False,1862,2,0.5770676691729323,-0.24916931720656044,1.4033046555524251,1173,1,0.4907075873827792,-0.47066922764573416,1.4520844024112924,575.6,False,False,0.44458107416879794
692,D,固定 3-6-2,全R,False,22755,45,0.4680685563612393,0.24516594121351026,0.6909711715089684,14169,31,0.3581551273907827,0.12514059483825304,0.5911696599433124,89.35,False,False,0.32448854541604916
693,D,固定 3-6-2,1〜11R,False,20893,43,0.4274302397932322,0.21482895190262782,0.6400315276838365,12996,28,0.30604032009849186,0.07217856766899164,0.539902072527992,81.1,False,False,0.27727253000923363
694,D,固定 3-6-2,12R,False,1862,2,0.9240601503759398,-0.39088392418776885,2.2390042249396487,1173,3,0.9355498721227622,-0.16338977416594602,2.0344895184114704,507.9,False,False,0.8476081841432226
695,D,固定 3-6-4,全R,False,22755,62,0.6561722698308065,0.3660659495973905,0.9462785900642223,14169,37,0.44072976215682125,0.2305416901952252,0.6509178341184173,103.8,False,False,0.39930116451408004
696,D,固定 3-6-4,1〜11R,False,20893,58,0.6062461111377017,0.3432640192968848,0.8692282029785185,12996,36,0.4556709756848261,0.23173981575897887,0.6796021356106734,99.85,False,False,0.4128379039704525
697,D,固定 3-6-4,12R,False,1862,4,1.2163802363050484,-0.7485633428199014,3.181323815429998,1173,1,0.2751918158567775,-0.2639541811745016,0.8143378128880565,171.7,True,False,0.2493237851662404
698,D,固定 3-6-5,全R,False,22755,41,0.2645396616128323,0.1395802531927319,0.3894990700329327,14169,25,0.2576752064365869,0.12132508466403152,0.3940253282091423,102.45,False,False,0.23345373703154776
699,D,固定 3-6-5,1〜11R,False,20893,39,0.2426650074187527,0.13252505553248584,0.35280495930501954,12996,25,0.280932594644506,0.13228220601221705,0.4295829832767949,97.3,False,False,0.25452493074792243
700,D,固定 3-6-5,12R,False,1862,2,0.5099892588614393,-0.3869820526861343,1.406960570409013,1173,0,0.0,0.0,0.0,474.8,False,False,0.0
701,D,固定 4-1-2,全R,False,22755,194,0.6418765106569985,0.5004258867022696,0.7833271346117273,14169,129,0.664902251393888,0.4562072368306724,0.8735972659571036,45.2,False,False,0.6024014397628625
702,D,固定 4-1-2,1〜11R,False,20893,180,0.6494184655147657,0.49899297585683194,0.7998439551726995,12996,122,0.6798168667282241,0.45519041890439693,0.9044433145520512,44.2,False,False,0.615914081255771
703,D,固定 4-1-2,12R,False,1862,14,0.557250268528464,0.18416390151192324,0.9303366355450049,1173,7,0.49965899403239555,0.09823431926774334,0.9010836687970478,61.3,False,False,0.4526910485933504
704,D,固定 4-1-3,全R,False,22755,120,0.45939793451988575,0.34032765011937377,0.5784682189203977,14169,96,0.6106500105864916,0.4355373850260445,0.7857626361469388,57.9,False,False,0.5532489095913614
705,D,固定 4-1-3,1〜11R,False,20893,113,0.4526492126549562,0.32910827904780565,0.5761901462621067,12996,91,0.6338334872268391,0.4460540874496688,0.8216128870040094,57.0,False,False,0.5742531394275162
706,D,固定 4-1-3,12R,False,1862,7,0.5351235230934479,0.09266018073455667,0.9775868654523392,1173,5,0.3537936913895993,-0.027867014983465,0.7354543977626636,134.95,False,False,0.320537084398977
707,D,固定 4-1-5,全R,False,22755,202,0.7019644034278181,0.550221004750356,0.8537078021052802,14169,135,0.6907897522760957,0.5250709126052352,0.8565085919469563,46.0,False,False,0.6258555155621428
708,D,固定 4-1-5,1〜11R,False,20893,186,0.6793710812233763,0.5284647983589184,0.8302773640878343,12996,126,0.6922899353647276,0.5169853873482269,0.8675944833812284,44.75,False,False,0.6272146814404432
709,D,固定 4-1-5,12R,False,1862,16,0.9554779806659506,0.19948963333413317,1.711466327997768,1173,9,0.6741687979539642,0.18967818271694575,1.1586594131909826,59.1,False,False,0.6107969309462916
710,D,固定 4-1-6,全R,False,22755,158,0.5955614150736102,0.45380542369213417,0.7373174064550861,14169,94,0.567308913825958,0.3731474366592652,0.7614703909926509,48.1,False,False,0.513981875926318
711,D,固定 4-1-6,1〜11R,False,20893,146,0.5656392093045518,0.4276860086476294,0.7035924099614742,12996,90,0.5829639889196676,0.3754564151279274,0.7904715627114078,46.45,False,False,0.5281653739612189
712,D,固定 4-1-6,12R,False,1862,12,0.9313104189044039,0.15367355216482392,1.7089472856439838,1173,4,0.3938618925831202,-0.06972144547409759,0.857445230640338,94.4,False,False,0.3568388746803069
713,D,固定 4-2-1,全R,False,22755,166,0.8196616128323445,0.6287414507941657,1.0105817748705235,14169,72,0.5546757004728633,0.3783755080636808,0.7309758928820458,68.45,False,False,0.5025361846284142
714,D,固定 4-2-1,1〜11R,False,20893,157,0.8308859426602211,0.6277789346076903,1.0339929507127519,12996,69,0.5662819329024316,0.3806593251551008,0.7519045406497623,63.6,False,False,0.5130514312096031
715,D,固定 4-2-1,12R,False,1862,9,0.6937164339419979,0.19388725926480999,1.1935456086191858,1173,3,0.4260869565217391,-0.12671528395555143,0.9788891969990297,130.45,False,False,0.38603478260869567
716,D,固定 4-2-3,全R,False,22755,89,0.610771259063942,0.41700718863282393,0.8045353294950601,14169,51,0.5099795327828358,0.292237810915344,0.7277212546503276,81.15,False,False,0.46204145670124924
717,D,固定 4-2-3,1〜11R,False,20893,84,0.6036567271334897,0.4009187892072352,0.8063946650597442,12996,47,0.4430132348414897,0.24788288581832638,0.638143583864653,74.2,False,False,0.4013699907663897
718,D,固定 4-2-3,12R,False,1862,5,0.6906015037593985,0.033262163012608426,1.3479408445061887,1173,4,1.251918158567775,-0.2454015514805521,2.749237868616102,272.5,False,False,1.134237851662404
719,D,固定 4-2-5,全R,False,22755,121,0.6528631070094485,0.4657463625272268,0.8399798514916702,14169,74,0.5798997812125062,0.3697081500986473,0.790091412326365,64.7,False,False,0.5253892017785307
720,D,固定 4-2-5,1〜11R,False,20893,116,0.6471306179103049,0.45555707614277174,0.8387041596778381,12996,68,0.5474453678054786,0.33411081303892454,0.7607799225720326,63.15,False,False,0.4959855032317636
721,D,固定 4-2-5,12R,False,1862,5,0.7171858216970999,-0.06271397302668402,1.497085616420884,1173,6,0.9394714407502132,0.012486306491610755,1.8664565750088156,161.5,False,False,0.8511611253196931
722,D,固定 4-2-6,全R,False,22755,97,0.6068907932322567,0.4208342434374711,0.7929473430270423,14169,52,0.6773660808807961,0.30785066900445957,1.0468814927571326,83.4,False,False,0.6136936692780013
723,D,固定 4-2-6,1〜11R,False,20893,92,0.6001435887617862,0.4074113271741463,0.7928758503494261,12996,50,0.6894967682363804,0.2934516885523691,1.0855418479203918,80.2,False,False,0.6246840720221607
724,D,固定 4-2-6,12R,False,1862,5,0.6825993555316864,-0.01960257596477566,1.3848012870281483,1173,2,0.5429667519181586,-0.27494093287969334,1.3608744367160104,359.7,False,False,0.4919278772378517
725,D,固定 4-3-1,全R,False,22755,102,0.6293605800922875,0.45506046314902826,0.8036606970355467,14169,67,0.626339191192039,0.43105545470677054,0.8216229276773074,93.6,False,False,0.5674633072199873
726,D,固定 4-3-1,1〜11R,False,20893,99,0.6518259704207151,0.4663192689648638,0.8373326718765663,12996,65,0.6338796552785473,0.4320775710716475,0.835681739485447,91.95,False,False,0.5742949676823639
727,D,固定 4-3-1,12R,False,1862,3,0.3772824919441461,-0.07476534344953206,0.8293303273378243,1173,2,0.5427962489343563,-0.20915029935178175,1.2947427972204943,309.2,False,False,0.4917734015345268
728,D,固定 4-3-2,全R,False,22755,71,0.5961722698308064,0.35665846360762526,0.8356860760539875,14169,39,0.5907615216317312,0.31586837183423727,0.8656546714292253,121.3,False,False,0.5352299385983486
729,D,固定 4-3-2,1〜11R,False,20893,68,0.6185325228545446,0.36101927338555523,0.876045772323534,12996,37,0.5998768851954448,0.31134740333582117,0.8884063670550684,120.7,False,False,0.543488457987073
730,D,固定 4-3-2,12R,False,1862,3,0.3452738990332975,-0.12189940472612915,0.8124472027927242,1173,2,0.489769820971867,-0.40849239363675355,1.3880320355804876,123.2,False,False,0.4437314578005115
731,D,固定 4-3-5,全R,False,22755,82,0.5927796088771699,0.41176317331598733,0.7737960444383524,14169,60,0.8095207848119134,0.3848919394790888,1.2341496301447379,98.9,False,False,0.7334258310395936
732,D,固定 4-3-5,1〜11R,False,20893,80,0.6227779639113579,0.4303988518453512,0.8151570759773645,12996,55,0.8078716528162512,0.352639488970848,1.2631038166616544,95.5,False,False,0.7319317174515236
733,D,固定 4-3-5,12R,False,1862,2,0.2561761546723953,-0.22721308471770513,0.7395653940624958,1173,5,0.8277919863597613,-0.10518687431949258,1.760770847039015,139.8,False,False,0.7499795396419437
734,D,固定 4-3-6,全R,False,22755,81,0.7908591518347616,0.4744255967171202,1.107292706952403,14169,35,0.39889194720869503,0.22585386851700928,0.5719300259003808,115.85,False,False,0.3613961041710777
735,D,固定 4-3-6,1〜11R,False,20893,74,0.7740678696214043,0.4404529212981809,1.1076828179446276,12996,31,0.38166358879655277,0.2016377826797327,0.5616893949133728,94.4,False,False,0.34578721144967683
736,D,固定 4-3-6,12R,False,1862,7,0.9792696025778732,0.009259019315129513,1.949280185840617,1173,4,0.589769820971867,-0.03508876828585272,1.2146284102295868,162.9,False,False,0.5343314578005115
737,D,固定 4-5-1,全R,False,22755,157,0.7328367391782026,0.5389877384516076,0.9266857399047975,14169,94,0.5970851859693698,0.4116465311116926,0.782523840827047,56.3,False,False,0.540959178488249
738,D,固定 4-5-1,1〜11R,False,20893,145,0.7492509452926818,0.54100518066449,0.9574967099208735,12996,88,0.5929593721144968,0.4018625516297142,0.7840561925992794,56.1,False,False,0.5372211911357341
739,D,固定 4-5-1,12R,False,1862,12,0.5486573576799141,0.15885213372279533,0.9384625816370329,1173,6,0.6427962489343564,-0.08852970341633282,1.3741222012850456,67.3,False,False,0.5823734015345269
740,D,固定 4-5-2,全R,False,22755,106,0.4513557459898923,0.328110554532391,0.5746009374473936,14169,71,0.5197332204107559,0.3544514729256957,0.6850149678958161,58.5,False,False,0.47087829769214484
741,D,固定 4-5-2,1〜11R,False,20893,102,0.4655386971713014,0.3347898515497543,0.5962875427928485,12996,67,0.5141735918744229,0.3442060186341641,0.6841411651146817,57.7,False,False,0.4658412742382272
742,D,固定 4-5-2,12R,False,1862,4,0.29221267454350164,-0.048440270404426666,0.6328656194914299,1173,4,0.5813299232736573,-0.08184596009893685,1.2445058066462513,134.6,False,False,0.5266849104859335
743,D,固定 4-5-3,全R,False,22755,90,0.6918874972533509,0.4768299105598261,0.9069450839468756,14169,66,0.6740066342014257,0.4098959603013334,0.9381173081015179,87.85,False,False,0.6106500105864917
744,D,固定 4-5-3,1〜11R,False,20893,89,0.7417986885559756,0.5087214306598988,0.9748759464520524,12996,66,0.7348414896891351,0.4469155183877385,1.0227674609905317,87.4,False,False,0.6657663896583564
745,D,固定 4-5-3,12R,False,1862,1,0.13184747583243825,-0.12650417407125256,0.390199125736129,1173,0,0.0,0.0,0.0,245.5,False,False,0.0
746,D,固定 4-5-6,全R,False,22755,123,0.4884640738299275,0.35041152037106604,0.626516627288789,14169,83,0.7978827016726657,0.5072991334294488,1.0884662699158827,54.6,False,False,0.7228817277154351
747,D,固定 4-5-6,1〜11R,False,20893,115,0.4831761834107117,0.3400011958235666,0.6263511709978569,12996,76,0.8256617420744845,0.5118618097866029,1.1394616743623662,54.0,False,False,0.748049538319483
748,D,固定 4-5-6,12R,False,1862,8,0.547798066595059,0.03265076929146793,1.0629453638986501,1173,7,0.49011082693947144,0.007659918982705183,0.9725617348962377,81.1,False,False,0.44404040920716115
749,D,固定 4-6-1,全R,False,22755,87,0.5824653922214897,0.39044337305118104,0.7744874113917984,14169,59,0.6202272566871339,0.3717628451298214,0.8686916682444463,63.8,False,False,0.5619258945585432
750,D,固定 4-6-1,1〜11R,False,20893,79,0.5650504953812282,0.3673533949319665,0.7627475958304899,12996,52,0.5171745152354571,0.2908033647161138,0.7435456657548004,57.9,False,False,0.46856011080332416
751,D,固定 4-6-1,12R,False,1862,8,0.7778732545649839,0.012499912480544273,1.5432465966494235,1173,7,1.7619778346121058,0.11493069817824164,3.40902497104597,139.4,False,False,1.596351918158568
752,D,固定 4-6-2,全R,False,22755,72,0.6662491760052736,0.38957753663609823,0.9429208153744488,14169,55,0.7107841061472228,0.4133716140219595,1.008196598272486,98.8,False,False,0.6439704001693839
753,D,固定 4-6-2,1〜11R,False,20893,71,0.7152682716699373,0.4146326751748319,1.0159038681650427,12996,53,0.7471683594952293,0.42620189082119714,1.0681348281692615,98.4,False,False,0.6769345337026778
754,D,固定 4-6-2,12R,False,1862,1,0.11621911922663802,-0.11150917828520993,0.34394741673848594,1173,2,0.30767263427109975,-0.20222524556161808,0.8175705141038176,216.4,False,False,0.2787514066496164
755,D,固定 4-6-3,全R,False,22755,51,0.5820830586684245,0.2909261924809571,0.8732399248558919,14169,22,0.36184628414143555,0.0677154988073434,0.6559770694755277,108.8,False,False,0.32783273343214064
756,D,固定 4-6-3,1〜11R,False,20893,50,0.6094960034461303,0.2960375420444966,0.922954464847764,12996,20,0.3530855647891659,0.038643691552313786,0.6675274380260181,103.95,False,False,0.31989552169898433
757,D,固定 4-6-3,12R,False,1862,1,0.27448979591836736,-0.2633657163658539,0.8123453082025887,1173,2,0.4589087809036658,-0.23836464472751384,1.1561822065348455,390.6,False,False,0.41577135549872124
758,D,固定 4-6-5,全R,False,22755,82,0.6738079542957591,0.43264384625168095,0.9149720623398373,14169,44,0.43098313218999224,0.24486133302445942,0.617104931355525,93.15,False,False,0.390470717764133
759,D,固定 4-6-5,1〜11R,False,20893,80,0.6622840185708132,0.43141835681241153,0.8931496803292149,12996,43,0.455363188673438,0.2544514105650623,0.6562749667818137,86.2,False,False,0.41255904893813483
760,D,固定 4-6-5,12R,False,1862,2,0.8031149301825994,-0.6023621290094489,2.2085919893746477,1173,1,0.1608695652173913,-0.15430035312152554,0.4760394835563081,188.7,False,False,0.14574782608695652
761,D,固定 5-1-2,全R,False,22755,139,0.6707097341243683,0.48912091795644597,0.8522985502922906,14169,84,0.5617827651916155,0.38922608427007666,0.7343394461131544,62.4,False,False,0.5089751852636036
762,D,固定 5-1-2,1〜11R,False,20893,131,0.6915474082228498,0.49677644259053394,0.8863183738551657,12996,82,0.5663357956294245,0.392664469612203,0.740007121646646,61.7,False,False,0.5131002308402586
763,D,固定 5-1-2,12R,False,1862,8,0.4368958109559613,0.05192201214570269,0.8218696097662199,1173,2,0.5113384484228474,-0.29002534782672573,1.3127022446724204,118.95,False,False,0.4632726342710997
764,D,固定 5-1-3,全R,False,22755,128,0.6873917820259283,0.44017081143208653,0.9346127526197701,14169,78,0.6341943679864492,0.4323900192581502,0.8359987167147482,73.35,False,False,0.574580097395723
765,D,固定 5-1-3,1〜11R,False,20893,117,0.6831666108265927,0.41813667999133225,0.9481965416618532,12996,72,0.6336026469682979,0.4200917039006713,0.8471135900359246,71.8,False,False,0.5740439981532779
766,D,固定 5-1-3,12R,False,1862,11,0.7348012889366273,0.20178257704036262,1.267820000832892,1173,6,0.6407502131287297,0.052253649840482974,1.2292467764169763,87.2,False,False,0.5805196930946291
767,D,固定 5-1-4,全R,False,22755,109,0.690547132498352,0.5041672322854962,0.8769270327112078,14169,75,0.7263180182087656,0.475353214350647,0.9772828220668843,88.35,False,False,0.6580441244971417
768,D,固定 5-1-4,1〜11R,False,20893,99,0.6920308237208634,0.4943151028409154,0.8897465446008115,12996,72,0.7415050784856879,0.47427639685237777,1.008733760118998,84.7,False,False,0.6718036011080333
769,D,固定 5-1-4,12R,False,1862,10,0.6738990332975295,0.15804830493371025,1.1897497616613488,1173,3,0.5580562659846547,-0.09308227624745347,1.209194808216763,116.8,False,False,0.5055989769820972
770,D,固定 5-1-6,全R,False,22755,126,0.7923884860470226,0.5962720310402339,0.9885049410538114,14169,63,0.6439833439198249,0.3547324970908999,0.93323419074875,83.1,False,False,0.5834489095913614
771,D,固定 5-1-6,1〜11R,False,20893,119,0.806983200114871,0.5990157141308803,1.0149506860988617,12996,59,0.670698676515851,0.35715199582725804,0.9842453572044441,78.65,False,False,0.607653000923361
772,D,固定 5-1-6,12R,False,1862,7,0.628625134264232,0.08217930826329767,1.1750709602651663,1173,4,0.34799658994032395,-0.025546015010022294,0.7215391948906702,112.4,False,False,0.3152849104859335
773,D,固定 5-2-1,全R,False,22755,96,0.6241265655899803,0.41022324597493187,0.8380298852050286,14169,53,0.574274825322888,0.3288175378080237,0.8197321128377523,86.5,False,False,0.5202929917425365
774,D,固定 5-2-1,1〜11R,False,20893,90,0.6310199588378883,0.4016056625415158,0.8604342551342608,12996,51,0.6107109879963065,0.34400396546782497,0.8774180105247881,79.9,False,False,0.5533041551246537
775,D,固定 5-2-1,12R,False,1862,6,0.5467776584317938,0.09204238106368845,1.0015129357998993,1173,2,0.17058823529411765,-0.07183172748970246,0.41300819807793776,151.2,False,False,0.1545529411764706
776,D,固定 5-2-3,全R,False,22755,66,0.756255767963085,0.4780514180953771,1.0344601178307928,14169,41,0.7284635471804644,0.30134008211557994,1.1555870122453489,100.9,False,False,0.6599879737455008
777,D,固定 5-2-3,1〜11R,False,20893,64,0.7928875699995214,0.4948232552316861,1.0909518847673567,12996,38,0.7070867959372115,0.2579679615079138,1.1562056303665091,99.45,False,False,0.6406206371191137
778,D,固定 5-2-3,12R,False,1862,2,0.3452201933404941,-0.2655130678291096,0.9559534545100978,1173,3,0.9653026427962489,-0.3981180126126743,2.328723298205172,317.1,False,False,0.8745641943734015
779,D,固定 5-2-4,全R,False,22755,43,0.3879762689518787,0.22512014750922515,0.5508323903945322,14169,40,0.9068741619027454,0.4590995781156831,1.3546487456898078,150.0,False,False,0.8216279906838874
780,D,固定 5-2-4,1〜11R,False,20893,41,0.3949073852486479,0.22406612904303208,0.5657486414542636,12996,38,0.9150046168051709,0.43818751679059226,1.3918217168197495,144.5,False,False,0.8289941828254849
781,D,固定 5-2-4,12R,False,1862,2,0.31020408163265306,-0.22478687137801961,0.8451950346433257,1173,2,0.8167945439045183,-0.3438764465802864,1.977465534389323,435.85,False,False,0.7400158567774936
782,D,固定 5-2-6,全R,False,22755,54,0.5309338606899583,0.27942222074576933,0.7824455006341473,14169,32,0.5603288870068459,0.22256780177413998,0.8980899722395519,122.35,False,False,0.5076579716282024
783,D,固定 5-2-6,1〜11R,False,20893,53,0.5663954434499593,0.29346091504734506,0.8393299718525735,12996,30,0.39318251769775314,0.19005982852878864,0.5963052068667176,121.3,False,False,0.35622336103416435
784,D,固定 5-2-6,12R,False,1862,1,0.13302900107411386,-0.12763781636435534,0.39369581851258306,1173,2,2.4121909633418586,-0.9891167597434731,5.81349868642719,1143.3,False,False,2.185445012787724
785,D,固定 5-3-1,全R,False,22755,57,0.41601406284333114,0.26264904552713947,0.5693790801595229,14169,33,0.5413437786717482,0.20802233951433124,0.8746652178291652,108.05,False,False,0.4904574634766039
786,D,固定 5-3-1,1〜11R,False,20893,53,0.39384482841142965,0.24232658983797353,0.5453630669848858,12996,30,0.508394890735611,0.16390955706383709,0.8528802244073848,106.7,False,False,0.46060577100646355
787,D,固定 5-3-1,12R,False,1862,4,0.6647690655209452,-0.12397326860387103,1.4535113996457614,1173,3,0.9063938618925831,-0.3756615078845662,2.1884492316697326,258.3,False,False,0.8211928388746803
788,D,固定 5-3-2,全R,False,22755,58,0.5372797187431334,0.304201162746326,0.7703582747399408,14169,27,0.645465452748959,0.23194413416418003,1.0589867713337378,134.1,False,False,0.5847917001905568
789,D,固定 5-3-2,1〜11R,False,20893,56,0.5781027138275978,0.3244478951312127,0.831757532523983,12996,25,0.5776084949215143,0.18169919365583648,0.9735177961871921,134.1,False,False,0.523313296398892
790,D,固定 5-3-2,12R,False,1862,2,0.07921589688506982,-0.03053115883151529,0.1889629526016549,1173,2,1.3972719522591646,-0.9918679914360304,3.78641189595436,150.75,False,False,1.2659283887468031
791,D,固定 5-3-4,全R,False,22755,42,0.46788398154251815,0.19876217928051626,0.7370057838045201,14169,21,0.4800621074176018,0.17534496349962037,0.7847792513355832,122.2,False,False,0.43493626932034724
792,D,固定 5-3-4,1〜11R,False,20893,39,0.3705499449576413,0.13903964013036949,0.6020602497849131,12996,20,0.5008618036318867,0.17158903477120163,0.8301345724925717,116.9,False,False,0.4537807940904894
793,D,固定 5-3-4,12R,False,1862,3,1.5600429645542429,-0.45634759779740364,3.5764335269058893,1173,1,0.249616368286445,-0.2394231234445291,0.7386558600174191,802.0,True,False,0.2261524296675192
794,D,固定 5-3-6,全R,False,22755,41,0.6170468029004614,0.26907388822698547,0.9650197175739375,14169,27,0.6019902604276942,0.27004946991368317,0.9339310509417053,156.15,False,False,0.545403175947491
795,D,固定 5-3-6,1〜11R,False,20893,38,0.6271382759776002,0.25338683664568323,1.000889715309517,12996,26,0.611295783317944,0.2603121419607672,0.9622794246751207,153.25,False,False,0.5538339796860573
796,D,固定 5-3-6,12R,False,1862,3,0.503813104189044,-0.20040754157804086,1.2080337499561289,1173,1,0.4988917306052856,-0.47851916611932555,1.4763026273298967,372.9,False,False,0.45199590792838873
797,D,固定 5-4-1,全R,False,22755,75,0.6745462535706438,0.40306460910771585,0.9460278980335717,14169,56,0.723565530383231,0.43527842121860555,1.0118526395478564,96.4,False,False,0.6555503705272073
798,D,固定 5-4-1,1〜11R,False,20893,71,0.697870100033504,0.405326374121005,0.9904138259460031,12996,56,0.7888734995383195,0.4745902439524221,1.103156755124217,94.2,False,False,0.7147193905817175
799,D,固定 5-4-1,12R,False,1862,4,0.41283566058002147,-0.06866536645260707,0.89433668761265,1173,0,0.0,0.0,0.0,194.0,False,False,0.0
800,D,固定 5-4-2,全R,False,22755,49,0.3968314656119534,0.19186483030172927,0.6017981009221776,14169,28,0.2981932387606747,0.15906858995879605,0.4373178875625534,93.8,False,False,0.2701630743171713
801,D,固定 5-4-2,1〜11R,False,20893,49,0.4321973866845355,0.20897026443498176,0.6554245089340892,12996,26,0.2849953831948292,0.14583900381325493,0.42415176257640347,93.3,False,False,0.25820581717451524
802,D,固定 5-4-2,12R,False,1862,0,0.0,0.0,0.0,1173,2,0.4444160272804774,-0.22423134895683067,1.1130634035177855,260.65,False,False,0.40264092071611257
803,D,固定 5-4-3,全R,False,22755,35,0.4467897165458141,0.20375126443162822,0.6898281686600001,14169,29,0.48440962664972825,0.24418512062328174,0.7246341326761747,147.45,False,False,0.4388751217446538
804,D,固定 5-4-3,1〜11R,False,20893,35,0.48660795481740293,0.22191646131288223,0.7512994483219236,12996,27,0.4381886734379809,0.20825895716530726,0.6681183897106545,143.3,False,False,0.3969989381348107
805,D,固定 5-4-3,12R,False,1862,0,0.0,0.0,0.0,1173,2,0.9965046888320546,-0.3926042197213431,2.3856135973854524,584.45,False,False,0.9028332480818415
806,D,固定 5-4-6,全R,False,22755,65,0.736493078444298,0.46705601049915735,1.0059301463894386,14169,39,0.5459524313642459,0.29209416332196925,0.7998106994065225,135.25,False,False,0.49463290281600675
807,D,固定 5-4-6,1〜11R,False,20893,60,0.699779830565261,0.4226487278793096,0.9769109332512125,12996,33,0.4796937519236688,0.233361995277774,0.7260255085695636,128.6,False,False,0.434602539242844
808,D,固定 5-4-6,12R,False,1862,5,1.1484425349087004,0.06589297913687586,2.230992090680525,1173,6,1.2800511508951407,-0.11731215115352178,2.677414452943803,206.7,True,False,1.1597263427109974
809,D,固定 5-6-1,全R,False,22755,70,0.6865436167875192,0.36709720657069195,1.0059900270043465,14169,28,0.3484579010515915,0.15072282305420162,0.5461929790489815,104.0,False,False,0.3157028583527419
810,D,固定 5-6-1,1〜11R,False,20893,70,0.7477289044177475,0.3998252773698405,1.0956325314656545,12996,27,0.3701138811942136,0.15539127520404972,0.5848364871843775,103.9,False,False,0.3353231763619576
811,D,固定 5-6-1,12R,False,1862,0,0.0,0.0,0.0,1173,1,0.10852514919011083,-0.10409345496751557,0.32114375334773726,127.3,False,False,0.09832378516624042
812,D,固定 5-6-2,全R,False,22755,34,0.285062623599209,0.09552478001306111,0.47460046718535687,14169,28,0.6685722351612675,0.2760202858633855,1.0611241844591495,123.95,False,False,0.6057264450561084
813,D,固定 5-6-2,1〜11R,False,20893,32,0.19612788972383094,0.10112910755194233,0.29112667189571956,12996,28,0.7289165897199138,0.30094866453410435,1.1568845149057232,121.45,False,False,0.6603984302862419
814,D,固定 5-6-2,12R,False,1862,2,1.2829752953813105,-0.7729196948546728,3.338870285617294,1173,0,0.0,0.0,0.0,1194.45,True,False,0.0
815,D,固定 5-6-3,全R,False,22755,38,0.2992924631949022,0.1641131645313909,0.4344717618584135,14169,26,0.6153927588397206,0.20176182037495166,1.0290236973044895,136.15,False,False,0.5575458395087869
816,D,固定 5-6-3,1〜11R,False,20893,36,0.27676255205092615,0.15819772373437327,0.39532738036747905,12996,23,0.5707140658664205,0.14129878504631282,1.0001293466865282,119.3,False,False,0.517066943674977
817,D,固定 5-6-3,12R,False,1862,2,0.5520945220193341,-0.42719351538383854,1.5313825594225068,1173,3,1.1104006820119352,-0.415346514108484,2.6361478781323546,263.3,False,False,1.0060230179028133
818,D,固定 5-6-4,全R,False,22755,32,0.49175126345858056,0.25374645443491406,0.729756072482247,14169,17,0.27333615639776976,0.07886594325586177,0.46780636953967775,236.5,False,False,0.2476425576963794
819,D,固定 5-6-4,1〜11R,False,20893,31,0.48926434691044846,0.24645205727738834,0.7320766365435085,12996,15,0.27495383194829176,0.0676262344843388,0.4822814294122447,233.2,False,False,0.24910817174515235
820,D,固定 5-6-4,12R,False,1862,1,0.519656283566058,-0.49859649218470004,1.5379090593168159,1173,2,0.2554134697357204,-0.23620349738238217,0.747030436853823,294.3,False,False,0.23140460358056267
821,D,固定 6-1-2,全R,False,22755,89,0.7302043506921556,0.4693964150170617,0.9910122863672495,14169,50,0.7723833721504694,0.4041010705224551,1.1406656737784837,87.8,False,False,0.6997793351683252
822,D,固定 6-1-2,1〜11R,False,20893,84,0.7299717608768487,0.4581936185757829,1.0017499031779145,12996,47,0.7747999384425978,0.3818900106141036,1.1677098662710919,83.3,False,False,0.7019687442289936
823,D,固定 6-1-2,12R,False,1862,5,0.7328141783029001,-0.1939531548558604,1.6595815114616606,1173,3,0.7456095481670929,-0.17085733437111117,1.662076430705297,230.7,False,False,0.6755222506393862
824,D,固定 6-1-3,全R,False,22755,63,0.7014634146341463,0.3607559838051764,1.0421708454631162,14169,44,0.4893499894135084,0.2577633607978887,0.7209366180291281,78.4,False,False,0.4433510904086386
825,D,固定 6-1-3,1〜11R,False,20893,61,0.7341454075527689,0.367129875825836,1.1011609392797017,12996,43,0.4936057248384118,0.25352997016144996,0.7336814795153737,77.9,False,False,0.4472067867036011
826,D,固定 6-1-3,12R,False,1862,2,0.33474758324382387,-0.27894367051314445,0.9484388370007921,1173,1,0.4421994884910486,-0.4241419881512203,1.3085409651333175,518.7,False,False,0.40063273657289006
827,D,固定 6-1-4,全R,False,22755,54,0.6372929026587563,0.3222916535354861,0.9522941517820265,14169,38,0.7678946996965206,0.3973504849394123,1.1384389144536289,122.1,False,False,0.6957125979250477
828,D,固定 6-1-4,1〜11R,False,20893,50,0.6405255348681377,0.30341659937609167,0.9776344703601837,12996,35,0.6677285318559557,0.3144075035832334,1.021049560128678,112.2,False,False,0.6049620498614959
829,D,固定 6-1-4,12R,False,1862,4,0.6010204081632653,-0.11373091954144776,1.3157717358679784,1173,3,1.8776641091219097,-0.29160009411164745,4.046928312355467,532.3,False,False,1.7011636828644503
830,D,固定 6-1-5,全R,False,22755,37,0.4556493078444298,0.18578263027995368,0.7255159854089059,14169,18,0.1961818053497071,0.04642798661659997,0.34593562408281425,124.3,False,False,0.17774071564683463
831,D,固定 6-1-5,1〜11R,False,20893,35,0.4697410615995788,0.18000862594045164,0.7594734972587059,12996,17,0.18123268698060943,0.031022422298629393,0.33144295166258947,118.7,False,False,0.16419681440443215
832,D,固定 6-1-5,12R,False,1862,2,0.2975295381310419,-0.25697300765278797,0.8520320839148717,1173,1,0.3618073316283035,-0.34703269668667414,1.070647359943281,424.4,False,False,0.32779744245524295
833,D,固定 6-2-1,全R,False,22755,56,0.6561634805537244,0.32763284727778436,0.9846941138296645,14169,27,0.4105864916366716,0.17125838482780165,0.6499145984455416,108.9,False,False,0.37199136142282446
834,D,固定 6-2-1,1〜11R,False,20893,54,0.6825300339826736,0.32751780577566386,1.0375422621896835,12996,27,0.4476454293628809,0.18672531368256834,0.7085655450431934,106.5,False,False,0.40556675900277006
835,D,固定 6-2-1,12R,False,1862,2,0.36031149301825993,-0.1405426439352221,0.861165629971742,1173,0,0.0,0.0,0.0,335.45,False,False,0.0
836,D,固定 6-2-3,全R,False,22755,37,0.37245880026367834,0.05906638661918018,0.6858512139081765,14169,25,0.5975015879737455,0.18986578285126826,1.0051373930962229,91.25,False,False,0.5413364387042134
837,D,固定 6-2-3,1〜11R,False,20893,34,0.3659455319963624,0.02867209311647867,0.7032189708762462,12996,23,0.5881271160357033,0.15306153209160822,1.0231926999797984,80.3,False,False,0.5328431671283472
838,D,固定 6-2-3,12R,False,1862,3,0.4455424274973147,-0.14259564399450259,1.033680498989132,1173,2,0.7013640238704177,-0.30400042570938823,1.7067284734502237,301.4,False,False,0.6354358056265985
839,D,固定 6-2-4,全R,False,22755,20,0.3003867281916062,0.047118891298429444,0.5536545650847831,14169,16,0.3867527701319783,0.11460568582252156,0.6588998544414351,187.35,False,False,0.35039800973957236
840,D,固定 6-2-4,1〜11R,False,20893,19,0.19884171732159098,0.0854994912638243,0.3121839433793576,12996,16,0.4216605109264389,0.12495715994097373,0.7183638619119042,181.1,False,False,0.3820244228993537
841,D,固定 6-2-4,12R,False,1862,1,1.439795918367347,-1.3814461925361325,4.261038029270827,1173,0,0.0,0.0,0.0,2680.9,True,False,0.0
842,D,固定 6-2-5,全R,False,22755,31,0.4207207207207207,0.15449538178558936,0.6869460596558521,14169,13,0.3877408426847343,-0.016227543120515553,0.7917092284899842,104.25,False,False,0.3512932034723693
843,D,固定 6-2-5,1〜11R,False,20893,30,0.37175609055664577,0.1364584537845706,0.6070537273287209,12996,12,0.42051400430901814,-0.019890075826324294,0.8609180844443606,104.25,False,False,0.38098568790397047
844,D,固定 6-2-5,12R,False,1862,1,0.970139634801289,-0.9308233810277411,2.871102650630319,1173,1,0.02463768115942029,-0.023631585613206607,0.07290694793204719,917.65,False,False,0.022321739130434785
845,D,固定 6-3-1,全R,False,22755,38,0.4242276422764228,0.234464333207581,0.6139909513452646,14169,21,0.4913473075022937,0.16814333660553726,0.8145512783990502,163.7,False,False,0.4451606605970781
846,D,固定 6-3-1,1〜11R,False,20893,36,0.42681759440961087,0.22598289269222455,0.6276522961269972,12996,20,0.4819482917820868,0.14567399493128463,0.818222588632889,143.95,False,False,0.4366451523545707
847,D,固定 6-3-1,12R,False,1862,2,0.39516648764769063,-0.15224289998769241,0.9425758752830737,1173,1,0.5954816709292413,-0.5711647941461874,1.7621281360046699,371.8,False,False,0.5395063938618927
848,D,固定 6-3-2,全R,False,22755,28,0.49425620742693915,0.14308230386584492,0.8454301109880333,14169,16,0.5308349213070789,0.09582242976704092,0.9658474128471168,141.2,False,False,0.4809364387042135
849,D,固定 6-3-2,1〜11R,False,20893,28,0.5383046953525105,0.15583960687850118,0.9207697838265197,12996,15,0.4072176054170514,0.07262776670677273,0.74180744412733,134.9,False,False,0.36893915050784853
850,D,固定 6-3-2,12R,False,1862,0,0.0,0.0,0.0,1173,1,1.9004262574595054,-1.8228211297218049,5.6236736446408155,2229.2,False,False,1.721786189258312
851,D,固定 6-3-4,全R,False,22755,22,0.27006372225884423,0.13246399135169076,0.4076634531659977,14169,17,0.7240525089985179,-0.009337691067443976,1.45744270906448,318.5,False,False,0.6559915731526572
852,D,固定 6-3-4,1〜11R,False,20893,21,0.2629588857512085,0.12611006065107103,0.39980771085134603,12996,17,0.789404432132964,-0.01017096139369067,1.5889798256596186,317.25,False,False,0.7152004155124654
853,D,固定 6-3-4,12R,False,1862,1,0.34978517722878627,-0.33560964795359144,1.035180002411164,1173,0,0.0,0.0,0.0,651.3,False,False,0.0
854,D,固定 6-3-5,全R,False,22755,19,0.40106350252691714,0.03880449487060128,0.763322510183233,14169,12,0.3392123650222316,0.07090032406140012,0.6075244059830631,158.5,False,False,0.30732640271014183
855,D,固定 6-3-5,1〜11R,False,20893,19,0.4368065859378739,0.042266418928450455,0.8313467529472973,12996,12,0.3698291782086796,0.0773054048244245,0.6623529515929347,158.5,False,False,0.33506523545706374
856,D,固定 6-3-5,12R,False,1862,0,0.0,0.0,0.0,1173,0,0.0,0.0,0.0,,False,False,0.0
857,D,固定 6-4-1,全R,False,22755,34,0.521098659635245,0.22887398870968928,0.8133233305608008,14169,25,0.3652974804149905,0.15971778545435134,0.5708771753756297,110.3,False,False,0.3309595172559814
858,D,固定 6-4-1,1〜11R,False,20893,34,0.5675393672521897,0.2492790256757344,0.8857997088286449,12996,24,0.3610572483841182,0.14911021634336305,0.5730042804248733,106.05,False,False,0.3271178670360111
859,D,固定 6-4-1,12R,False,1862,0,0.0,0.0,0.0,1173,1,0.4122762148337596,-0.3954406506071528,1.219993080274672,483.6,False,False,0.3735222506393862
860,D,固定 6-4-2,全R,False,22755,35,0.5393627774115579,0.18526724491105667,0.8934583099120592,14169,24,0.9025054696873456,0.2780562656372283,1.5269546737374629,109.0,False,False,0.8176699555367352
861,D,固定 6-4-2,1〜11R,False,20893,35,0.587431197051644,0.20178513363923473,0.9730772604640534,12996,24,0.983964296706679,0.3031706193007322,1.6647579741126257,109.0,False,False,0.8914716528162512
862,D,固定 6-4-2,12R,False,1862,0,0.0,0.0,0.0,1173,0,0.0,0.0,0.0,,False,False,0.0
863,D,固定 6-4-3,全R,False,22755,24,0.3810063722258844,0.12348339440615425,0.6385293500456146,14169,13,0.27242571811701605,0.05820363298401879,0.48664780325001333,153.6,False,False,0.24681770061401653
864,D,固定 6-4-3,1〜11R,False,20893,24,0.41496194897812666,0.13449294675495327,0.6954309512013,12996,12,0.2600954139735303,0.03802145461560341,0.4821693733314572,152.15,False,False,0.23564644506001847
865,D,固定 6-4-3,12R,False,1862,0,0.0,0.0,0.0,1173,1,0.40903665814151746,-0.3923333832946897,1.2104066995777245,479.8,False,False,0.37058721227621483
866,D,固定 6-4-5,全R,False,22755,21,0.23033179520984398,0.09684610528166995,0.36381748513801804,14169,16,0.4612040369821441,0.16889840486070112,0.7535096691035872,172.3,False,False,0.41785085750582257
867,D,固定 6-4-5,1〜11R,False,20893,20,0.23032594648925478,0.09062218317390777,0.3700297098046018,12996,15,0.4219529085872576,0.1454586174959837,0.6984471996785315,170.6,False,False,0.38228933518005537
868,D,固定 6-4-5,12R,False,1862,1,0.23039742212674544,-0.2210602471550602,0.681855091408551,1173,1,0.8960784313725491,-0.8594864926657947,2.6516433554108927,740.05,False,False,0.8118470588235295
869,D,固定 6-5-1,全R,False,22755,22,0.5351527136892991,0.11589917262275234,0.9544062547558458,14169,19,0.4766885454160491,0.11166600142734284,0.8417110894047554,181.9,False,False,0.4318798221469405
870,D,固定 6-5-1,1〜11R,False,20893,21,0.572641554587661,0.11646528457767247,1.0288178245976494,12996,18,0.434248999692213,0.07322703066961384,0.7952709687148121,162.4,False,False,0.39342959372114494
871,D,固定 6-5-1,12R,False,1862,1,0.11450053705692803,-0.10986024404069658,0.33886131815455267,1173,1,0.9468883205456096,-0.9082215273560066,2.8019981684472257,661.95,False,False,0.8578808184143223
872,D,固定 6-5-2,全R,False,22755,15,0.35107009448472865,0.05140037947371984,0.6507398094957375,14169,9,0.2188227821300021,-0.02332651246295689,0.46097207672296114,180.3,False,False,0.19825344060978192
873,D,固定 6-5-2,1〜11R,False,20893,14,0.3424209065237161,0.025565121739057006,0.6592766913083752,12996,8,0.232409972299169,-0.03131782028407787,0.49613776488241584,180.3,False,False,0.2105634349030471
874,D,固定 6-5-2,12R,False,1862,1,0.4481203007518797,-0.42995960425683477,1.3262002057605942,1173,1,0.06828644501278773,-0.06549792413902593,0.20207081416460138,457.25,False,False,0.06186751918158569
875,D,固定 6-5-3,全R,False,22755,13,0.24581850142825754,0.03191959039914122,0.45971741245737385,14169,10,0.3602865410402992,0.050631989249994125,0.6699410928306043,248.9,False,False,0.3264196061825111
876,D,固定 6-5-3,1〜11R,False,20893,11,0.18422438137175132,0.013238731518360636,0.355210031225142,12996,10,0.3928054786088027,0.055207550935571614,0.7304034062820338,248.9,False,False,0.3558817636195753
877,D,固定 6-5-3,12R,False,1862,2,0.9369495166487648,-0.8381458076608558,2.7120448409583853,1173,0,0.0,0.0,0.0,872.3,False,False,0.0
878,D,固定 6-5-4,全R,False,22755,19,0.41502087453306963,0.1601166856847817,0.6699250633813576,14169,14,0.6482673442021314,0.10624681794771629,1.1902878704565465,355.3,False,False,0.587330213847131
879,D,固定 6-5-4,1〜11R,False,20893,18,0.4440482458239602,0.1668686694664911,0.7212278221814292,12996,13,0.6564943059402893,0.0738216667179673,1.2391669451626113,355.3,False,False,0.5947838411819022
880,D,固定 6-5-4,12R,False,1862,1,0.08931256713211601,-0.08569305151954902,0.264318185783781,1173,1,0.5571184995737425,-0.5343682075512289,1.648605206698714,409.9,False,False,0.5047493606138107
881,D,固定 1-2-3,場1,False,1023,52,0.5291300097751711,0.3571110579622172,0.701148961588125,643,49,1.087869362363919,0.7009399379523551,1.474798786775483,9.0,False,False,0.9856096423017107
882,D,固定 1-2-3,場2,False,914,49,0.7971553610503282,0.5191669363056751,1.0751437857949813,463,27,0.9915766738660907,0.48062435995657615,1.5025289877756052,9.7,False,False,0.8983684665226782
883,D,固定 1-2-3,場3,False,788,44,0.8026649746192893,0.5268820637976831,1.0784478854408954,473,25,0.7985200845665962,0.38562846140532947,1.211411707727863,11.2,False,False,0.7234591966173362
884,D,固定 1-2-3,場4,False,1003,65,1.292123629112662,0.8711754141737023,1.713071844051622,568,22,0.40105633802816903,0.20265436730483033,0.5994583087515077,12.0,True,False,0.36335704225352117
885,D,固定 1-2-3,場5,False,817,70,0.9991432068543452,0.6994636442195057,1.2988227694891847,639,40,0.7236306729264476,0.37954970286170736,1.0677116429911877,8.3,False,False,0.6556093896713615
886,D,固定 1-2-3,場6,False,1084,76,0.7780442804428044,0.5640518635388743,0.9920366973467345,593,46,0.7946037099494098,0.5258888492595566,1.063318570639263,8.35,False,False,0.7199109612141653
887,D,固定 1-2-3,場7,False,1101,93,0.9866485013623978,0.7492675916551973,1.2240294110695982,532,37,0.6413533834586466,0.4189024046684468,0.8638043622488463,9.0,False,False,0.5810661654135338
888,D,固定 1-2-3,場8,False,949,71,0.8037934668071655,0.5782546210992338,1.029332312515097,691,55,0.9214182344428364,0.6295762815378548,1.2132601873478182,8.45,False,False,0.8348049204052098
889,D,固定 1-2-3,場9,False,705,67,0.7377304964539008,0.5509203476145204,0.9245406452932812,664,47,0.6664156626506024,0.4387090157257468,0.894122309575458,7.0,False,False,0.6037725903614458
890,D,固定 1-2-3,場10,False,846,53,0.6768321513002364,0.4417760186426023,0.9118882839578706,655,38,0.6268702290076336,0.35929298030415824,0.8944474777111089,7.0,False,False,0.567944427480916
891,D,固定 1-2-3,場11,False,893,71,0.887010078387458,0.6395137501492286,1.1345064066256876,582,42,0.9860824742268042,0.5552653941274683,1.41689955432614,9.1,False,False,0.8933907216494846
892,D,固定 1-2-3,場12,False,903,87,1.0579180509413069,0.8112120238611191,1.3046240780214946,498,35,0.7813253012048192,0.487182913283296,1.0754676891263424,9.4,True,False,0.7078807228915662
893,D,固定 1-2-3,場13,False,1047,76,0.9050620821394461,0.6101053964889505,1.2000187677899417,735,46,0.6206802721088436,0.4127711353764473,0.8285894088412399,8.4,False,False,0.5623363265306123
894,D,固定 1-2-3,場14,False,853,51,0.7257913247362251,0.48270183630652075,0.9688808131659294,454,21,0.5881057268722467,0.3060389798808296,0.8701724738636638,9.7,False,False,0.5328237885462556
895,D,固定 1-2-3,場15,False,1033,74,0.8644724104549855,0.6212102796932155,1.1077345412167554,537,30,0.5329608938547487,0.29689495557211604,0.7690268321373812,7.75,False,False,0.4828625698324023
896,D,固定 1-2-3,場16,False,1185,84,0.6254008438818566,0.4782109550651641,0.772590732698549,586,35,0.784641638225256,0.4505588303912779,1.118724446059234,7.8,False,False,0.710885324232082
897,D,固定 1-2-3,場17,False,1014,89,0.9296844181459566,0.6933200857317341,1.166048750560179,554,43,0.7998194945848376,0.5358544711671931,1.063784518002482,8.6,False,False,0.7246364620938629
898,D,固定 1-2-3,場18,False,1102,102,0.8390199637023593,0.6468345406947993,1.0312053867099193,594,52,0.7882154882154883,0.5490329689706251,1.0273980074603515,7.3,False,False,0.7141232323232324
899,D,固定 1-2-3,場19,False,866,65,0.6681293302540415,0.48404107014319386,0.8522175903648892,652,53,0.8726993865030674,0.48598265419035164,1.2594161188157833,7.4,False,False,0.7906656441717791
900,D,固定 1-2-3,場20,False,907,73,0.7340683572216097,0.5375538390475472,0.9305828753956722,642,63,1.189563862928349,0.823812433087534,1.5553152927691638,7.45,False,False,1.077744859813084
901,D,固定 1-2-3,場21,False,923,67,0.7924160346695558,0.5785572834608016,1.0062747858783099,607,37,0.6945634266886326,0.43905355460364226,0.9500732987736229,9.25,False,False,0.6292744645799011
902,D,固定 1-2-3,場22,False,844,66,0.6644549763033175,0.4684294762844953,0.8604804763221396,572,48,0.7281468531468531,0.5055235396208053,0.9507701666729009,7.1,False,False,0.659701048951049
903,D,固定 1-2-3,場23,False,1049,80,0.8131553860819828,0.5973276272364942,1.0289831449274713,605,65,0.968595041322314,0.7021046453090969,1.2350854373355311,7.6,False,False,0.8775471074380166
904,D,固定 1-2-3,場24,False,906,75,0.7810154525386314,0.5641810388191763,0.9978498662580865,630,61,0.888095238095238,0.6377483834029511,1.138442092787525,7.1,False,False,0.8046142857142857
905,D,固定 1-2-3,1R,False,1922,162,0.9222684703433923,0.7260478556918724,1.1184890849949123,1191,95,0.8028547439126784,0.6145331085961867,0.9911763792291701,8.1,False,False,0.7273863979848867
906,D,固定 1-2-3,2R,False,1925,121,0.8484155844155844,0.6640648101418298,1.032766358689339,1191,67,0.7018471872376154,0.5001943596028537,0.9035000148723771,10.0,False,False,0.6358735516372795
907,D,固定 1-2-3,3R,False,1917,105,0.7693270735524257,0.5979491853962311,0.9407049617086203,1191,80,0.8644836272040303,0.6289783340432693,1.0999889203647912,10.7,False,False,0.7832221662468515
908,D,固定 1-2-3,4R,False,1920,116,0.7557291666666667,0.5855520032786461,0.9259063300546873,1189,69,0.6689655172413793,0.48274134560070703,0.8551896888820516,9.2,False,False,0.6060827586206897
909,D,固定 1-2-3,5R,False,1916,114,0.7336638830897704,0.5494891906590775,0.9178385755204632,1186,67,0.6268971332209107,0.4479910802981853,0.8058031861436361,8.1,False,False,0.5679688026981451
910,D,固定 1-2-3,6R,False,1897,118,0.8451765946230891,0.6541379366324731,1.0362152526137052,1184,61,0.8205236486486487,0.514228055576863,1.1268192417204344,9.9,False,False,0.7433944256756757
911,D,固定 1-2-3,7R,False,1892,131,0.8852008456659619,0.7062887833954569,1.064112907936467,1176,70,0.979421768707483,0.7003688963437462,1.2584746410712198,11.1,False,False,0.8873561224489797
912,D,固定 1-2-3,8R,False,1882,152,0.8538788522848034,0.6927469842253756,1.0150107203442311,1176,72,0.8028061224489796,0.5361024753267065,1.0695097695712528,8.8,False,False,0.7273423469387755
913,D,固定 1-2-3,9R,False,1874,148,0.8574172892209179,0.6926065412891067,1.022228037152729,1173,86,0.8105711849957374,0.6131860675703031,1.0079563024211717,8.6,False,False,0.7343774936061381
914,D,固定 1-2-3,10R,False,1877,163,0.7699520511454448,0.6349131700838178,0.9049909322070719,1170,103,0.6867521367521368,0.5381850995212575,0.835319173983016,7.2,False,False,0.6221974358974359
915,D,固定 1-2-3,11R,False,1871,182,0.8306787814003207,0.6629903137207283,0.9983672490799131,1169,118,0.8040205303678357,0.6431151026977365,0.9649259580379349,6.7,False,False,0.7284426005132592
916,D,固定 1-2-3,12R,False,1862,188,0.7969924812030075,0.6763629085279728,0.9176220538780422,1173,129,0.9090366581415175,0.7296035637906163,1.0884697524924185,6.9,False,False,0.8235872122762149
917,E,上位10点・払戻均等,自信conf10≥qNone / 本命オッズany,True,22755,11850,0.7825330420036118,0.771821311938122,0.7932447720691017,14169,7391,0.7835868437109346,0.7700923840752142,0.797081303346655,12.300000190734863,False,False,0.7099296804021067
918,E,上位10点・払戻均等,自信conf10≥qNone / 本命オッズ<5,True,2181,1627,0.8246316041091571,0.8040196793535676,0.8452435288647467,1341,955,0.7928667570088763,0.7653092070153995,0.8204243070023531,7.599999904632568,False,False,0.718337281850042
919,E,上位10点・払戻均等,自信conf10≥qNone / 本命オッズ5-10,True,11520,6735,0.7995599888813116,0.7868824562755083,0.8122375214871149,7349,4285,0.7963207471880429,0.7804589703838695,0.8121825239922164,10.899999618530273,False,False,0.7214665969523669
920,E,上位10点・払戻均等,自信conf10≥qNone / 本命オッズ10-20,True,7177,3004,0.7628873670024519,0.7412174140735961,0.7845573199313076,4361,1838,0.7701619116373857,0.7423148286572748,0.7980089946174965,15.699999809265137,False,False,0.6977666919434714
921,E,上位10点・払戻均等,自信conf10≥qNone / 本命オッズ>=20,True,1877,484,0.7042323587324498,0.6463811264141998,0.7620835910506999,1118,313,0.7411184254523807,0.6671374815472777,0.8150993693574837,23.5,False,False,0.6714532934598569
922,E,上位10点・払戻均等,自信conf10≥q50 / 本命オッズany,True,11378,7229,0.8102871206990211,0.7986006671983826,0.8219735741996596,7627,4737,0.7997232758314307,0.7851903973547241,0.8142561543081372,10.100000381469727,False,False,0.7245492879032762
923,E,上位10点・払戻均等,自信conf10≥q50 / 本命オッズ<5,True,2148,1609,0.8265639416158863,0.8059199700018068,0.8472079132299658,1332,949,0.7923821983487479,0.7647721828336979,0.819992213863798,7.599999904632568,False,False,0.7178982717039656
924,E,上位10点・払戻均等,自信conf10≥q50 / 本命オッズ5-10,True,7667,4791,0.8079703284822156,0.7936152490247786,0.8223254079396526,5269,3261,0.8036194125497023,0.7861763985589114,0.8210624265404931,10.100000381469727,False,False,0.7280791877700302
925,E,上位10点・払戻均等,自信conf10≥q50 / 本命オッズ10-20,True,1523,810,0.7983108330042473,0.7596252503247041,0.8369964156837906,1001,514,0.7846122553682594,0.7358054087233196,0.8334191020131992,13.100000381469727,False,False,0.7108587033636431
926,E,上位10点・払戻均等,自信conf10≥q50 / 本命オッズ>=20,True,40,19,0.8362901395981098,0.5552604263301744,1.1173198528660453,25,13,0.9747513687112508,0.5843166804709445,1.365186056951557,16.449999809265137,False,False,0.8831247400523933
927,E,上位10点・払戻均等,自信conf10≥q70 / 本命オッズany,True,6827,4636,0.8140146671571187,0.8003440899333004,0.8276852443809369,4834,3178,0.7967241946351163,0.7800589048431019,0.8133894844271308,9.199999809265137,False,False,0.7218321203394155
928,E,上位10点・払戻均等,自信conf10≥q70 / 本命オッズ<5,True,1946,1469,0.8243430384787113,0.803087990461805,0.8455980864956175,1214,877,0.7963268269979279,0.767970535659916,0.8246831183359398,7.300000190734863,False,False,0.7214721052601227
929,E,上位10点・払戻均等,自信conf10≥q70 / 本命オッズ5-10,True,4403,2894,0.8106127635459498,0.7929323626031054,0.8282931644887942,3252,2110,0.8054694335823759,0.7846669224749405,0.8262719446898112,9.600000381469727,False,False,0.7297553068256326
930,E,上位10点・払戻均等,自信conf10≥q70 / 本命オッズ10-20,True,471,271,0.8088389915246037,0.7443757930261868,0.8733021900230206,364,190,0.7236966912699404,0.650561527154588,0.7968318553852928,12.100000381469727,False,False,0.655669202290566
931,E,上位10点・払戻均等,自信conf10≥q70 / 本命オッズ>=20,True,7,2,0.4307738430245028,-0.07407227706165392,0.9356199631106594,4,1,0.45294881463088726,-0.3158909383345308,1.2217885675963054,14.899999618530273,False,False,0.41037162605558386
932,E,上位10点・払戻均等,自信conf10≥q90 / 本命オッズany,True,2277,1732,0.838572922183017,0.8187238440713924,0.8584220002946417,1549,1102,0.7940990701327775,0.7682974631589152,0.8199006771066397,8.0,False,False,0.7194537575402964
933,E,上位10点・払戻均等,自信conf10≥q90 / 本命オッズ<5,True,1097,878,0.8463484235834329,0.8208287516821541,0.8718680954847117,682,510,0.798355042411465,0.7629019279440948,0.8338081568788352,6.75,False,False,0.7233096684247874
934,E,上位10点・払戻均等,自信conf10≥q90 / 本命オッズ5-10,True,1129,823,0.8334460645069282,0.8031139783743927,0.8637781506394636,811,557,0.7914212666181516,0.7538232171675426,0.8290193160687606,8.699999809265137,False,False,0.7170276675560454
935,E,上位10点・払戻均等,自信conf10≥q90 / 本命オッズ10-20,True,50,31,0.8005143262276435,0.61839098281317,0.9826376696421171,56,35,0.7810477407809335,0.6185169041875768,0.9435785773742903,10.650000095367432,False,False,0.7076292531475258
936,E,上位10点・払戻均等,自信conf10≥q90 / 本命オッズ>=20,True,1,0,0.0,0.0,0.0,0,0,,,,,False,False,
937,E,上位10点・払戻均等,自信conf10≥q95 / 本命オッズany,True,1138,877,0.8200679696687826,0.793386629142724,0.8467493101948412,761,559,0.7901758468681055,0.7556466534368014,0.8247050402994096,7.400000095367432,False,False,0.7158993172625036
938,E,上位10点・払戻均等,自信conf10≥q95 / 本命オッズ<5,True,638,511,0.8239152908522182,0.7914184566365374,0.8564121250678989,402,308,0.8003861857431822,0.7563618099294778,0.8444105615568867,6.199999809265137,False,False,0.725149884283323
939,E,上位10点・払戻均等,自信conf10≥q95 / 本命オッズ5-10,True,482,353,0.8116410464684279,0.7668981105467456,0.8563839823901103,342,242,0.7863374365824761,0.7314909901800499,0.8411838829849023,8.199999809265137,False,False,0.7124217175437234
940,E,上位10点・払戻均等,自信conf10≥q95 / 本命オッズ10-20,True,18,13,0.9093560845320661,0.6246535735854912,1.194058595478641,17,9,0.6259511462742429,0.34098275971856334,0.9109195328299224,10.050000190734863,False,False,0.5671117385244641
941,E,上位10点・払戻均等,自信conf10≥q95 / 本命オッズ>=20,True,0,0,,,,0,0,,,,,False,False,
942,E,上位10点・確率比例,自信conf10≥qNone / 本命オッズany,True,22755,11850,0.7835165854996965,0.7717110716837475,0.7953220993156455,14169,7391,0.7926289899117103,0.7775406636745832,0.8077173161488373,12.300000190734863,False,False,0.7181218648600095
943,E,上位10点・確率比例,自信conf10≥qNone / 本命オッズ<5,True,2181,1627,0.8134430193690213,0.7899419745578522,0.8369440641801904,1341,955,0.7969219725351402,0.7651870898315535,0.8286568552387269,7.599999904632568,False,False,0.722011307116837
944,E,上位10点・確率比例,自信conf10≥qNone / 本命オッズ5-10,True,11520,6735,0.8043101180441092,0.7901820965162671,0.8184381395719513,7349,4285,0.8064353134296929,0.7885876870825367,0.8242829397768491,10.899999618530273,False,False,0.7306303939673018
945,E,上位10点・確率比例,自信conf10≥qNone / 本命オッズ10-20,True,7177,3004,0.7640124857086972,0.7400883882972863,0.7879365831201081,4361,1838,0.7820612544322855,0.7510262907806108,0.8130962180839602,15.699999809265137,False,False,0.7085474965156506
946,E,上位10点・確率比例,自信conf10≥qNone / 本命オッズ>=20,True,1877,484,0.6957008566874281,0.633860036313231,0.7575416770616252,1118,313,0.7379477136989178,0.6562039723097562,0.8196914550880793,23.5,False,False,0.6685806286112195
947,E,上位10点・確率比例,自信conf10≥q50 / 本命オッズany,True,11378,7229,0.8099986261674071,0.7969505007135165,0.8230467516212978,7627,4737,0.8075241739173168,0.7911827829420051,0.8238655648926285,10.100000381469727,False,False,0.731616901569089
948,E,上位10点・確率比例,自信conf10≥q50 / 本命オッズ<5,True,2148,1609,0.8136768132803754,0.7902494990073332,0.8371041275534177,1332,949,0.7966330192451432,0.7649269843736755,0.8283390541166109,7.599999904632568,False,False,0.7217495154360998
949,E,上位10点・確率比例,自信conf10≥q50 / 本命オッズ5-10,True,7667,4791,0.8112942879594317,0.7953350812179433,0.8272534947009201,5269,3261,0.8129415168155646,0.7933342631463881,0.8325487704847411,10.100000381469727,False,False,0.7365250142349016
950,E,上位10点・確率比例,自信conf10≥q50 / 本命オッズ10-20,True,1523,810,0.7963402829802878,0.7532226367623824,0.8394579291981932,1001,514,0.7898809422316638,0.7354906199194009,0.8442712645439268,13.100000381469727,False,False,0.7156321336618875
951,E,上位10点・確率比例,自信conf10≥q50 / 本命オッズ>=20,True,40,19,0.8841754210642908,0.5113843700020193,1.2569664721265623,25,13,0.9524807023095752,0.5353013614543907,1.3696600431647596,16.449999809265137,False,False,0.8629475162924751
952,E,上位10点・確率比例,自信conf10≥q70 / 本命オッズany,True,6827,4636,0.8140039232173388,0.798565742013636,0.8294421044210417,4834,3178,0.8027806197902132,0.7839357033964816,0.8216255361839448,9.199999809265137,False,False,0.7273192415299332
953,E,上位10点・確率比例,自信conf10≥q70 / 本命オッズ<5,True,1946,1469,0.813193104374586,0.7889642890556978,0.8374219196934742,1214,877,0.7967907525616178,0.7648901944896737,0.8286913106335619,7.300000190734863,False,False,0.7218924218208258
954,E,上位10点・確率比例,自信conf10≥q70 / 本命オッズ5-10,True,4403,2894,0.8156333644838768,0.7957876919907294,0.8354790369770242,3252,2110,0.8132115189049324,0.7897131502377219,0.8367098875721428,9.600000381469727,False,False,0.7367696361278687
955,E,上位10点・確率比例,自信conf10≥q70 / 本命オッズ10-20,True,471,271,0.8052508460285565,0.7311797223029112,0.8793219697542017,364,190,0.7358538097098903,0.651447644921458,0.8202599744983227,12.100000381469727,False,False,0.6666835515971606
956,E,上位10点・確率比例,自信conf10≥q70 / 本命オッズ>=20,True,7,2,0.6034500556954326,-0.1982194930972243,1.4051196044880896,4,1,0.23072406071161983,-0.16090921905588934,0.6223573404791289,14.899999618530273,False,False,0.20903599900472758
957,E,上位10点・確率比例,自信conf10≥q90 / 本命オッズany,True,2277,1732,0.8339541891407996,0.8111158155486052,0.8567925627329939,1549,1102,0.7891283193412072,0.7600503926613978,0.8182062460210165,8.0,False,False,0.7149502573231338
958,E,上位10点・確率比例,自信conf10≥q90 / 本命オッズ<5,True,1097,878,0.8320951518874319,0.8031649926923728,0.8610253110824909,682,510,0.7932974834156513,0.7532109624587003,0.8333840043726023,6.75,False,False,0.7187275199745801
959,E,上位10点・確率比例,自信conf10≥q90 / 本命オッズ5-10,True,1129,823,0.8389262578445924,0.8037524487840222,0.8741000669051626,811,557,0.7841109348378477,0.7422774861325562,0.8259443835431391,8.699999809265137,False,False,0.71040450696309
960,E,上位10点・確率比例,自信conf10≥q90 / 本命オッズ10-20,True,50,31,0.7791512389308581,0.5630408741455529,0.9952616037161633,56,35,0.8110163360100269,0.6073581677558506,1.0146745042642031,10.650000095367432,False,False,0.7347808004250844
961,E,上位10点・確率比例,自信conf10≥q90 / 本命オッズ>=20,True,1,0,0.0,0.0,0.0,0,0,,,,,False,False,
962,E,上位10点・確率比例,自信conf10≥q95 / 本命オッズany,True,1138,877,0.809656208174871,0.7785742360775241,0.840738180272218,761,559,0.7894629592094751,0.7494859984633884,0.8294399199555618,7.400000095367432,False,False,0.7152534410437844
963,E,上位10点・確率比例,自信conf10≥q95 / 本命オッズ<5,True,638,511,0.7992675996785766,0.7629800892688711,0.8355551100882822,402,308,0.7982810846519458,0.7473174093522069,0.8492447599516847,6.199999809265137,False,False,0.723242662694663
964,E,上位10点・確率比例,自信conf10≥q95 / 本命オッズ5-10,True,482,353,0.8163173009614068,0.763161964614844,0.8694726373079695,342,242,0.7799384501573108,0.7181017899711456,0.841775110343476,8.199999809265137,False,False,0.7066242358425235
965,E,上位10点・確率比例,自信conf10≥q95 / 本命オッズ10-20,True,18,13,0.9995054024818486,0.5842452130205162,1.414765591943181,17,9,0.7725509396781225,0.3234404411598576,1.2216614381963873,10.050000190734863,False,False,0.699931151348379
966,E,上位10点・確率比例,自信conf10≥q95 / 本命オッズ>=20,True,0,0,,,,0,0,,,,,False,False,
967,F,上位1点,場1,True,1023,95,0.7808406647116325,0.6024730723074181,0.9592082571158469,643,50,0.7768273716951789,0.5320727907302917,1.021581952660066,7.599999904632568,False,False,0.7038055987558322
968,F,上位1点,場2,True,914,76,0.8698030634573304,0.6554163131025798,1.0841898138120811,463,32,0.7257019438444925,0.44260390460146914,1.0087999830875158,9.0,False,False,0.6574859611231102
969,F,上位1点,場3,True,788,58,0.7954314720812182,0.5853481171218038,1.0055148270406327,473,35,0.8226215644820296,0.5306738763816083,1.1145692525824509,9.800000190734863,False,False,0.7452951374207188
970,F,上位1点,場4,True,1003,76,0.7801595214356929,0.5755008048320127,0.9848182380393731,568,38,0.634330985915493,0.4135284995154952,0.8551334723154908,8.5,False,False,0.5747038732394366
971,F,上位1点,場5,True,817,98,1.0011015911872705,0.7808917480866241,1.2213114342879168,639,70,0.8420970266040688,0.638772825817799,1.0454212273903385,7.0,True,False,0.7629399061032863
972,F,上位1点,場6,True,1084,109,0.7805350553505535,0.6145293396301406,0.9465407710709663,593,55,0.8844856661045531,0.6161366515360415,1.152834680673065,6.6499998569488525,False,False,0.8013440134907251
973,F,上位1点,場7,True,1101,112,0.7513169845594914,0.5966147463388688,0.9060192227801139,532,62,0.8605263157894737,0.6393788038341506,1.0816738277447968,6.3500001430511475,False,False,0.7796368421052632
974,F,上位1点,場8,True,949,104,0.79072708113804,0.635767463141916,0.945686699134164,691,85,0.9369030390738061,0.7318620629672377,1.1419440151803746,6.800000190734863,False,False,0.8488341534008683
975,F,上位1点,場9,True,705,78,0.7838297872340425,0.6018862157573547,0.9657733587107303,664,76,0.8463855421686747,0.6192863902695023,1.073484694067847,6.200000047683716,False,False,0.7668253012048193
976,F,上位1点,場10,True,846,84,0.8066193853427897,0.5981241551160097,1.0151146155695696,655,60,0.6697709923664122,0.4877691402178535,0.851772844514971,6.199999809265137,False,False,0.6068125190839695
977,F,上位1点,場11,True,893,92,0.9141097424412095,0.6914187516198506,1.1368007332625685,582,45,0.6405498281786941,0.43943079745650326,0.8416688589008849,7.300000190734863,False,False,0.5803381443298968
978,F,上位1点,場12,True,903,99,0.7864894795127353,0.6297469148914733,0.9432320441339973,498,47,0.7485943775100402,0.5163273799699468,0.9808613750501336,6.5,False,False,0.6782265060240964
979,F,上位1点,場13,True,1047,117,0.8435530085959886,0.6909534006556556,0.9961526165363216,735,87,1.0,0.7453195117188772,1.2546804882811227,6.900000095367432,False,False,0.906
980,F,上位1点,場14,True,853,72,0.700820633059789,0.5279421524661627,0.8736991136534153,454,34,0.6696035242290749,0.4203574459927975,0.9188496024653523,7.349999904632568,False,False,0.6066607929515418
981,F,上位1点,場15,True,1033,101,0.817134559535334,0.6393083988796643,0.9949607201910037,537,60,0.8962756052141527,0.6573459828235528,1.1352052276047526,7.199999809265137,False,False,0.8120256983240224
982,F,上位1点,場16,True,1185,126,0.8560337552742616,0.6977575112387953,1.014309999309728,586,49,0.6701365187713311,0.4457369582369772,0.8945360793056849,7.0,False,False,0.607143686006826
983,F,上位1点,場17,True,1014,109,0.8423076923076923,0.6720387630892922,1.0125766215260925,554,58,0.9151624548736462,0.6556572776124794,1.174667632134813,7.300000190734863,False,False,0.8291371841155235
984,F,上位1点,場18,True,1102,149,1.0074410163339382,0.827226976533991,1.1876550561338854,594,61,0.6978114478114478,0.5228780263256287,0.8727448692972668,6.300000190734863,True,False,0.6322171717171717
985,F,上位1点,場19,True,866,77,0.619284064665127,0.47262760895389677,0.7659405203763572,652,74,0.9179447852760736,0.7010876165737631,1.1348019539783842,6.699999809265137,False,False,0.8316579754601227
986,F,上位1点,場20,True,907,95,0.7769570011025358,0.6014116061582471,0.9525023960468246,642,67,0.6616822429906543,0.4963268601219851,0.8270376258593234,6.25,False,False,0.5994841121495328
987,F,上位1点,場21,True,923,100,0.8321776814734562,0.662906412697854,1.0014489502490584,607,65,0.8196046128500823,0.6168973477813569,1.0223118779188078,7.0,False,False,0.7425617792421746
988,F,上位1点,場22,True,844,109,0.8573459715639811,0.6924405069478035,1.0222514361801587,572,64,0.7781468531468532,0.5851593649965288,0.9711343412971776,6.099999904632568,False,False,0.705001048951049
989,F,上位1点,場23,True,1049,90,0.6652049571020019,0.5120356732891211,0.8183742409148826,605,81,0.9702479338842975,0.7458736484868214,1.1946222192817737,6.5,False,False,0.8790446280991736
990,F,上位1点,場24,True,906,117,0.8990066225165563,0.729792548199244,1.0682206968338686,630,68,0.7579365079365079,0.5710932314016468,0.944779784471369,6.199999809265137,False,False,0.6866904761904762
991,F,上位3点,場1,True,1023,220,0.7069729553600521,0.608714861992077,0.8052310487280272,643,141,0.8163297045101089,0.6664698561636557,0.966189552856562,8.800000190734863,False,False,0.7395947122861587
992,F,上位3点,場2,True,914,180,0.7475565280816922,0.6385477409875013,0.856565315175883,463,89,0.7699784017278618,0.6057549322770215,0.9342018711787021,10.5,False,False,0.6976004319654429
993,F,上位3点,場3,True,788,157,0.7906514382402707,0.6678759199155733,0.9134269565649682,473,92,0.7651867512332629,0.6128869279874806,0.9174865744790451,10.899999618530273,False,False,0.6932591966173361
994,F,上位3点,場4,True,1003,207,0.8476902625456962,0.7251965051459117,0.9701840199454808,568,108,0.7514671361502347,0.6032211583514592,0.8997131139490103,10.100000381469727,False,False,0.6808292253521127
995,F,上位3点,場5,True,817,209,0.8283149734802122,0.714946961824221,0.9416829851362034,639,161,0.7711528429838289,0.6557495867115711,0.8865560992560867,8.650000095367432,False,False,0.698664475743349
996,F,上位3点,場6,True,1084,277,0.826260762607626,0.7245476035020076,0.9279739217132444,593,137,0.7943226531759415,0.655076350230436,0.9335689561214471,8.5,False,False,0.7196563237774031
997,F,上位3点,場7,True,1101,283,0.7992128368150166,0.7006165594544147,0.8978091141756186,532,136,0.7592105263157894,0.6343822593079178,0.8840387933236611,8.100000381469727,False,False,0.6878447368421052
998,F,上位3点,場8,True,949,243,0.7914646996838778,0.6887837300477034,0.8941456693200521,691,176,0.8001447178002894,0.6813519700383834,0.9189374655621954,8.0,False,False,0.7249311143270623
999,F,上位3点,場9,True,705,184,0.7939479905437352,0.6686877728890859,0.9192082081983846,664,160,0.6818273092369478,0.5710806034259466,0.792574015047949,7.6499998569488525,False,False,0.6177355421686748
1000,F,上位3点,場10,True,846,208,0.7865248226950354,0.6716516461794899,0.901397999210581,655,143,0.7112977099236641,0.5915130354566196,0.8310823843907087,8.100000381469727,False,False,0.6444357251908397
1001,F,上位3点,場11,True,893,221,0.8353863381858903,0.7232491651273618,0.9475235112444187,582,124,0.7100229095074456,0.58376521738317,0.8362806016317212,8.600000381469727,False,False,0.6432807560137458
1002,F,上位3点,場12,True,903,232,0.7905131044665928,0.6899742022944111,0.8910520066387746,498,117,0.755421686746988,0.6188287026140458,0.8920146708799301,8.300000190734863,False,False,0.6844120481927711
1003,F,上位3点,場13,True,1047,296,0.8708054759630691,0.7704196786277703,0.971191273298368,735,203,0.9147392290249433,0.7828970999363871,1.0465813581134995,8.199999809265137,False,False,0.8287537414965986
1004,F,上位3点,場14,True,853,192,0.8187964048456429,0.6968528123089152,0.9407399973823706,454,89,0.7019089574155654,0.5533592876642341,0.8504586271668966,9.699999809265137,False,False,0.6359295154185023
1005,F,上位3点,場15,True,1033,262,0.8301064859632139,0.7246524974116871,0.9355604745147407,537,137,0.8517070142768467,0.7037853922189748,0.9996286363347185,8.300000190734863,False,False,0.7716465549348231
1006,F,上位3点,場16,True,1185,288,0.7827285513361463,0.6920523105568006,0.8734047921154919,586,117,0.6507394766780432,0.5255191975446998,0.7759597558113867,8.300000190734863,False,False,0.5895699658703072
1007,F,上位3点,場17,True,1014,250,0.75387902695595,0.657890629948969,0.849867423962931,554,141,0.8209987966305656,0.6860985421889662,0.9558990510721651,8.0,False,False,0.7438249097472924
1008,F,上位3点,場18,True,1102,331,0.8474894131881427,0.7572990440541404,0.9376797823221451,594,160,0.8160493827160494,0.6893332279349467,0.9427655374971522,7.599999904632568,False,False,0.7393407407407409
1009,F,上位3点,場19,True,866,204,0.705080831408776,0.605827206967304,0.804334455850248,652,194,0.9191717791411043,0.7958868762175713,1.0424566820646373,8.050000190734863,False,False,0.8327696319018405
1010,F,上位3点,場20,True,907,234,0.7821021683204704,0.679344164318736,0.8848601723222048,642,179,0.831723779854621,0.7066116311022632,0.9568359286069787,7.800000190734863,False,False,0.7535417445482866
1011,F,上位3点,場21,True,923,242,0.8222824124232575,0.7163724669144439,0.9281923579320711,607,163,0.7913234486545854,0.6763209023385831,0.9063259949705876,8.199999809265137,False,False,0.7169390444810544
1012,F,上位3点,場22,True,844,250,0.8552922590837283,0.7491958433766573,0.9613886747907993,572,164,0.835955710955711,0.7147200189011578,0.9571914030102642,7.699999809265137,False,False,0.7573758741258741
1013,F,上位3点,場23,True,1049,249,0.726755640292342,0.6303069695512745,0.8232043110334094,605,166,0.8112396694214876,0.6869743692397258,0.9355049696032495,7.800000190734863,False,False,0.7349831404958678
1014,F,上位3点,場24,True,906,282,0.8679543782192789,0.7700064290996902,0.9659023273388676,630,186,0.9376190476190476,0.794848588316772,1.0803895069213232,7.400000095367432,False,False,0.8494828571428571
1015,F,上位1点,1R,True,1922,225,0.8572320499479709,0.736364764098006,0.9780993357979357,1191,122,0.8286314021830394,0.6554805372064808,1.0017822671595982,6.400000095367432,False,False,0.7507400503778338
1016,F,上位1点,2R,True,1925,161,0.7787012987012987,0.6343488725986764,0.9230537248039209,1191,101,0.7132661628883291,0.5630471357849485,0.8634851899917098,7.450000047683716,False,False,0.6462191435768262
1017,F,上位1点,3R,True,1917,193,0.8579029733959311,0.7272897081742364,0.9885162386176258,1191,112,0.8691855583543241,0.6837429352150468,1.0546281814936014,7.599999904632568,False,False,0.7874821158690176
1018,F,上位1点,4R,True,1920,170,0.78078125,0.6460592452867318,0.9155032547132682,1189,111,0.823044575273339,0.6602448148892772,0.9858443356574007,7.5,False,False,0.7456783851976452
1019,F,上位1点,5R,True,1916,171,0.6828810020876827,0.5655135841210512,0.8002484200543141,1186,113,0.8286677908937605,0.6637080764356937,0.9936275053518273,7.049999952316284,False,False,0.7507730185497471
1020,F,上位1点,6R,True,1897,181,0.7423299947285187,0.629632884301033,0.8550271051560043,1184,106,0.8200168918918919,0.6449402927254664,0.9950934910583173,7.199999809265137,False,False,0.7429353040540541
1021,F,上位1点,7R,True,1892,208,0.9121564482029598,0.7733612540004091,1.0509516424055105,1176,112,0.7976190476190477,0.6313437293018618,0.9638943659362336,6.800000190734863,False,False,0.7226428571428573
1022,F,上位1点,8R,True,1882,201,0.8249202975557917,0.6969404393726721,0.9529001557389112,1176,113,0.7562925170068027,0.5983806794784057,0.9142043545351997,7.0,False,False,0.6852010204081632
1023,F,上位1点,9R,True,1874,188,0.8141942369263607,0.6922526479218012,0.9361358259309203,1173,116,0.7331628303495311,0.5928407835886595,0.8734848771104027,7.0,False,False,0.6642455242966752
1024,F,上位1点,10R,True,1877,218,0.9002663825253063,0.7719386889866133,1.0285940760639993,1170,135,0.8475213675213675,0.6979267765972453,0.9971159584454897,6.699999809265137,False,False,0.767854358974359
1025,F,上位1点,11R,True,1871,211,0.7966862640299305,0.6849095183656975,0.9084630096941635,1169,147,0.8352437981180496,0.6975696829436693,0.9729179132924299,6.25,False,False,0.756730881094953
1026,F,上位1点,12R,True,1862,216,0.8397422126745435,0.7244237492485223,0.9550606761005648,1173,135,0.7711849957374254,0.641897326968063,0.9004726645067878,6.5,False,False,0.6986936061381074
1027,G,上位1点,月曜,True,3096,293,0.7524870801033592,0.6563073471735525,0.8486668130331658,1960,220,0.883061224489796,0.7537905099692478,1.0123319390103442,6.900000095367432,False,False,0.8000534693877551
1028,G,上位1点,火曜,True,3130,333,0.8156869009584664,0.7207414355516389,0.9106323663652939,1906,197,0.8445435466946485,0.7140727505096831,0.9750143428796139,6.900000095367432,False,False,0.7651564533053515
1029,G,上位1点,水曜,True,3131,299,0.7774832321941871,0.6808785585435264,0.8740879058448479,1934,183,0.7527921406411582,0.6368907810621138,0.8686935002202025,7.0,False,False,0.6820296794208893
1030,G,上位1点,木曜,True,3171,324,0.8224219489120151,0.7205707873007868,0.9242731105232435,1972,182,0.820841784989858,0.6820819748370941,0.959601595142622,6.950000047683716,False,False,0.7436826572008114
1031,G,上位1点,金曜,True,3244,332,0.8297163995067818,0.7333973448529081,0.9260354541606555,2026,185,0.7170779861796643,0.6036052347544989,0.8305507376048298,7.099999904632568,False,False,0.649672655478776
1032,G,上位1点,土曜,True,3409,354,0.8407744206512173,0.7405737628206394,0.9409750784817953,2157,214,0.7593416782568382,0.648910619009472,0.8697727375042044,6.699999809265137,False,False,0.6879635605006954
1033,G,上位1点,日曜,True,3574,408,0.8595970900951315,0.7723382553085183,0.9468559248817447,2214,242,0.8392502258355917,0.728078937790012,0.9504215138811715,6.800000190734863,False,False,0.7603607046070461
1034,G,上位3点,月曜,True,3096,758,0.7781438415159345,0.7214923438431489,0.8347953391887202,1960,488,0.7931802721088436,0.720654514548945,0.8657060296687421,8.199999809265137,False,False,0.7186213265306123
1035,G,上位3点,火曜,True,3130,814,0.8472523961661342,0.7866033410366834,0.9079014512955851,1906,469,0.7981287163343826,0.7249958784137565,0.8712615542550088,8.399999618530273,False,False,0.7231046169989507
1036,G,上位3点,水曜,True,3131,744,0.7817843074630043,0.7233101663940108,0.8402584485319978,1934,452,0.7485694588073079,0.6796234055016984,0.8175155121129173,8.550000190734863,False,False,0.6782039296794209
1037,G,上位3点,木曜,True,3171,788,0.7961841690318512,0.7379714665494157,0.8543968715142867,1972,478,0.8314570655848547,0.7532799197774465,0.9096342113922629,8.449999809265137,False,False,0.7533001014198784
1038,G,上位3点,金曜,True,3244,800,0.7833949856144677,0.728062169243944,0.8387278019849915,2026,484,0.7415761763738071,0.6754873027162196,0.8076650500313947,8.399999618530273,False,False,0.6718680157946693
1039,G,上位3点,土曜,True,3409,852,0.7857240637528112,0.730632137447878,0.8408159900577444,2157,542,0.8071395456652758,0.735164186920132,0.8791149044104196,8.100000381469727,False,False,0.7312684283727399
1040,G,上位3点,日曜,True,3574,945,0.8276161163961947,0.7740473846844073,0.8811848481079821,2214,570,0.8286811201445348,0.7608155149559617,0.8965467253331079,8.300000190734863,False,False,0.7507850948509486
1041,G,上位10点,月曜,True,3096,1635,0.7895607235142119,0.7531449435050013,0.8259765035234226,1960,1034,0.7710255102040816,0.7271273435142928,0.8149236768938705,12.100000381469727,False,False,0.6985491122448979
1042,G,上位10点,火曜,True,3130,1637,0.7837955271565495,0.7464296274029767,0.8211614269101224,1906,995,0.8027544596012591,0.7538037348878804,0.8517051843146378,12.349999904632568,False,False,0.7272955403987408
1043,G,上位10点,水曜,True,3131,1584,0.7633120408815075,0.7258560778297374,0.8007680039332776,1934,981,0.757564632885212,0.7128337054025649,0.8022955603678592,12.5,False,False,0.6863535573940022
1044,G,上位10点,木曜,True,3171,1637,0.7599873856827499,0.7245559029798755,0.7954188683856244,1972,1012,0.7980324543610547,0.7507737485591319,0.8452911601629776,12.300000190734863,False,False,0.7230174036511157
1045,G,上位10点,金曜,True,3244,1686,0.7703545006165228,0.7355690237158458,0.8051399775171998,2026,1051,0.7877591312931885,0.7416732323926455,0.8338450301937316,12.399999618530273,False,False,0.7137097729516289
1046,G,上位10点,土曜,True,3409,1761,0.7672924611322969,0.7330341319592744,0.8015507903053194,2157,1153,0.8043857209086694,0.760250091055847,0.8485213507614919,12.25,False,False,0.7287734631432545
1047,G,上位10点,日曜,True,3574,1910,0.7822607722439844,0.749099128142092,0.8154224163458768,2214,1165,0.7866350496838301,0.7439684924568358,0.8293016069108244,12.0,False,False,0.7126913550135501
